Filetype,Mod-002
Title,
Name,
Date,2025-08-01
Begin, 9:35:14
End, 9:58:14
Time Range, 0:23:0
Comment,


Measurement Record
Time_Sec,Ch1,Ch2,Ch3,Ch4,Ch5,Ch6,Ch7,Ch8
0,0.068,0.010,1.496,1.728,0.000,0.000,0.000,0.000
1,0.072,0.012,1.496,1.728,0.000,0.000,0.000,0.000
2,0.074,0.004,1.496,1.726,0.000,0.000,0.000,0.000
3,0.070,-0.006,1.498,1.724,0.000,0.000,0.000,0.000
4,0.070,0.000,1.496,1.726,0.000,0.000,0.000,0.000
5,0.070,0.002,1.496,1.726,0.000,0.000,0.000,0.000
6,0.070,0.002,1.496,1.728,0.000,0.000,0.000,0.000
7,0.068,-0.002,1.496,1.728,0.000,0.000,0.000,0.000
8,0.066,-0.008,1.496,1.726,0.000,0.000,0.000,0.000
9,0.064,-0.002,1.496,1.726,0.000,0.000,0.000,0.000
10,0.070,0.024,1.496,1.728,0.000,0.000,0.000,0.000
11,0.076,0.018,1.498,1.726,0.000,0.000,0.000,0.000
12,0.086,0.024,1.498,1.726,0.000,0.000,0.000,0.000
13,0.088,0.008,1.496,1.726,0.000,0.000,0.000,0.000
14,0.094,0.020,1.498,1.726,0.000,0.000,0.000,0.000
15,0.096,0.006,1.496,1.726,0.000,0.000,0.000,0.000
16,0.100,0.016,1.496,1.726,0.000,0.000,0.000,0.000
17,0.104,0.008,1.498,1.728,0.000,0.000,0.000,0.000
18,0.100,-0.004,1.496,1.726,0.000,0.000,0.000,0.000
19,0.104,0.010,1.496,1.724,0.000,0.000,0.000,0.000
20,0.110,0.014,1.496,1.726,0.000,0.000,0.000,0.000
21,0.110,0.004,1.496,1.724,0.000,0.000,0.000,0.000
22,0.108,-0.004,1.498,1.726,0.000,0.000,0.000,0.000
23,0.104,-0.008,1.498,1.728,0.000,0.000,0.000,0.000
24,0.106,0.006,1.498,1.728,0.000,0.000,0.000,0.000
25,0.104,-0.004,1.496,1.726,0.000,0.000,0.000,0.000
26,0.100,-0.008,1.496,1.728,0.000,0.000,0.000,0.000
27,0.098,-0.004,1.496,1.728,0.000,0.000,0.000,0.000
28,0.098,0.002,1.496,1.728,0.000,0.000,0.000,0.000
29,0.102,0.008,1.498,1.728,0.000,0.000,0.000,0.000
30,0.102,0.008,1.498,1.726,0.000,0.000,0.000,0.000
31,0.104,0.002,1.498,1.726,0.000,0.000,0.000,0.000
32,0.096,-0.016,1.496,1.728,0.000,0.000,0.000,0.000
33,0.098,0.006,1.498,1.726,0.000,0.000,0.000,0.000
34,0.100,0.008,1.496,1.726,0.000,0.000,0.000,0.000
35,0.100,0.000,1.498,1.726,0.000,0.000,0.000,0.000
36,0.098,-0.004,1.496,1.728,0.000,0.000,0.000,0.000
37,0.100,0.006,1.496,1.728,0.000,0.000,0.000,0.000
38,0.096,-0.006,1.498,1.728,0.000,0.000,0.000,0.000
39,0.094,-0.008,1.498,1.726,0.000,0.000,0.000,0.000
40,0.094,0.000,1.498,1.728,0.000,0.000,0.000,0.000
41,0.094,0.008,1.498,1.726,0.000,0.000,0.000,0.000
42,0.098,0.006,1.496,1.726,0.000,0.000,0.000,0.000
43,0.094,-0.002,1.498,1.726,0.000,0.000,0.000,0.000
44,0.094,0.000,1.496,1.726,0.000,0.000,0.000,0.000
45,0.092,-0.002,1.496,1.724,0.000,0.000,0.000,0.000
46,0.094,0.004,1.498,1.732,0.000,0.000,0.000,0.000
47,0.094,-0.002,1.496,1.726,0.000,0.000,0.000,0.000
48,0.094,-0.004,1.498,1.726,0.000,0.000,0.000,0.000
49,0.094,0.004,1.496,1.726,0.000,0.000,0.000,0.000
50,0.088,-0.002,1.498,1.726,0.000,0.000,0.000,0.000
51,0.088,-0.006,1.498,1.724,0.000,0.000,0.000,0.000
52,0.086,-0.006,1.496,1.728,0.000,0.000,0.000,0.000
53,0.086,0.000,1.496,1.726,0.000,0.000,0.000,0.000
54,0.086,-0.002,1.498,1.726,0.000,0.000,0.000,0.000
55,0.084,-0.004,1.496,1.728,0.000,0.000,0.000,0.000
56,0.084,0.002,1.496,1.726,0.000,0.000,0.000,0.000
57,0.084,0.000,1.498,1.728,0.000,0.000,0.000,0.000
58,0.084,0.004,1.498,1.728,0.000,0.000,0.000,0.000
59,0.102,0.044,1.498,1.726,0.000,0.000,0.000,0.000
60,0.108,0.018,1.496,1.726,0.000,0.000,0.000,0.000
61,0.102,-0.008,1.496,1.726,0.000,0.000,0.000,0.000
62,0.100,-0.008,1.496,1.724,0.000,0.000,0.000,0.000
63,0.094,-0.012,1.498,1.728,0.000,0.000,0.000,0.000
64,0.090,-0.010,1.496,1.726,0.000,0.000,0.000,0.000
65,0.090,0.000,1.496,1.726,0.000,0.000,0.000,0.000
66,0.092,0.010,1.498,1.726,0.000,0.000,0.000,0.000
67,0.094,0.002,1.496,1.726,0.000,0.000,0.000,0.000
68,0.092,0.000,1.498,1.728,0.000,0.000,0.000,0.000
69,0.094,0.006,1.496,1.728,0.000,0.000,0.000,0.000
70,0.092,0.000,1.496,1.726,0.000,0.000,0.000,0.000
71,0.092,-0.002,1.496,1.728,0.000,0.000,0.000,0.000
72,0.092,0.002,1.498,1.726,0.000,0.000,0.000,0.000
73,0.092,-0.002,1.498,1.728,0.000,0.000,0.000,0.000
74,0.090,0.000,1.498,1.726,0.000,0.000,0.000,0.000
75,0.088,-0.006,1.498,1.726,0.000,0.000,0.000,0.000
76,0.086,-0.002,1.494,1.726,0.000,0.000,0.000,0.000
77,0.088,0.004,1.496,1.728,0.000,0.000,0.000,0.000
78,0.088,0.004,1.496,1.728,0.000,0.000,0.000,0.000
79,0.088,0.000,1.498,1.726,0.000,0.000,0.000,0.000
80,0.090,0.004,1.496,1.728,0.000,0.000,0.000,0.000
81,0.090,0.004,1.500,1.728,0.000,0.000,0.000,0.000
82,0.090,0.002,1.496,1.728,0.000,0.000,0.000,0.000
83,0.092,0.004,1.498,1.724,0.000,0.000,0.000,0.000
84,0.092,0.002,1.498,1.726,0.000,0.000,0.000,0.000
85,0.092,-0.002,1.498,1.726,0.000,0.000,0.000,0.000
86,0.090,-0.002,1.498,1.726,0.000,0.000,0.000,0.000
87,0.092,0.004,1.498,1.728,0.000,0.000,0.000,0.000
88,0.094,0.006,1.496,1.726,0.000,0.000,0.000,0.000
89,0.092,0.002,1.498,1.728,0.000,0.000,0.000,0.000
90,0.090,0.000,1.496,1.726,0.000,0.000,0.000,0.000
91,0.092,0.000,1.496,1.728,0.000,0.000,0.000,0.000
92,0.090,0.000,1.496,1.726,0.000,0.000,0.000,0.000
93,0.090,0.002,1.496,1.726,0.000,0.000,0.000,0.000
94,0.090,0.000,1.494,1.728,0.000,0.000,0.000,0.000
95,0.090,-0.002,1.496,1.724,0.000,0.000,0.000,0.000
96,0.088,-0.002,1.496,1.732,0.000,0.000,0.000,0.000
97,0.088,0.004,1.496,1.726,0.000,0.000,0.000,0.000
98,0.088,0.002,1.498,1.724,0.000,0.000,0.000,0.000
99,0.090,0.002,1.496,1.726,0.000,0.000,0.000,0.000
100,0.090,0.002,1.496,1.728,0.000,0.000,0.000,0.000
101,0.090,0.000,1.496,1.726,0.000,0.000,0.000,0.000
102,0.088,0.000,1.498,1.726,0.000,0.000,0.000,0.000
103,0.086,0.000,1.492,1.726,0.000,0.000,0.000,0.000
104,0.088,0.004,1.498,1.726,0.000,0.000,0.000,0.000
105,0.090,0.006,1.498,1.726,0.000,0.000,0.000,0.000
106,0.094,0.004,1.496,1.728,0.000,0.000,0.000,0.000
107,0.090,-0.002,1.496,1.726,0.000,0.000,0.000,0.000
108,0.090,-0.002,1.498,1.726,0.000,0.000,0.000,0.000
109,0.088,-0.002,1.496,1.726,0.000,0.000,0.000,0.000
110,0.088,0.000,1.500,1.728,0.000,0.000,0.000,0.000
111,0.086,0.000,1.498,1.728,0.000,0.000,0.000,0.000
112,0.088,0.006,1.496,1.728,0.000,0.000,0.000,0.000
113,0.094,0.008,1.496,1.726,0.000,0.000,0.000,0.000
114,0.090,-0.002,1.498,1.726,0.000,0.000,0.000,0.000
115,0.088,-0.002,1.496,1.726,0.000,0.000,0.000,0.000
116,0.088,-0.002,1.496,1.726,0.000,0.000,0.000,0.000
117,0.090,0.000,1.496,1.726,0.000,0.000,0.000,0.000
118,0.088,0.002,1.496,1.726,0.000,0.000,0.000,0.000
119,0.088,0.002,1.496,1.724,0.000,0.000,0.000,0.000
120,0.090,0.004,1.496,1.726,0.000,0.000,0.000,0.000
121,0.090,0.002,1.496,1.728,0.000,0.000,0.000,0.000
122,0.086,-0.002,1.496,1.728,0.000,0.000,0.000,0.000
123,0.084,-0.002,1.496,1.726,0.000,0.000,0.000,0.000
124,0.086,-0.002,1.498,1.728,0.000,0.000,0.000,0.000
125,0.088,0.002,1.498,1.726,0.000,0.000,0.000,0.000
126,0.088,0.006,1.496,1.726,0.000,0.000,0.000,0.000
127,0.086,0.000,1.496,1.726,0.000,0.000,0.000,0.000
128,0.086,-0.004,1.496,1.728,0.000,0.000,0.000,0.000
129,0.084,-0.002,1.496,1.726,0.000,0.000,0.000,0.000
130,0.084,-0.002,1.496,1.728,0.000,0.000,0.000,0.000
131,0.084,-0.002,1.496,1.724,0.000,0.000,0.000,0.000
132,0.080,-0.002,1.496,1.728,0.000,0.000,0.000,0.000
133,0.082,0.000,1.498,1.728,0.000,0.000,0.000,0.000
134,0.080,0.000,1.496,1.728,0.000,0.000,0.000,0.000
135,0.080,0.000,1.496,1.726,0.000,0.000,0.000,0.000
136,0.076,-0.002,1.498,1.726,0.000,0.000,0.000,0.000
137,0.076,0.000,1.496,1.728,0.000,0.000,0.000,0.000
138,0.076,-0.002,1.504,1.726,0.000,0.000,0.000,0.000
139,0.074,0.000,1.496,1.726,0.000,0.000,0.000,0.000
140,0.074,-0.002,1.496,1.728,0.000,0.000,0.000,0.000
141,0.078,0.002,1.496,1.728,0.000,0.000,0.000,0.000
142,0.082,0.000,1.494,1.728,0.000,0.000,0.000,0.000
143,0.076,0.000,1.496,1.728,0.000,0.000,0.000,0.000
144,0.076,0.010,1.498,1.726,0.000,0.000,0.000,0.000
145,0.078,0.006,1.496,1.728,0.000,0.000,0.000,0.000
146,0.080,0.004,1.496,1.728,0.000,0.000,0.000,0.000
147,0.078,-0.004,1.496,1.728,0.000,0.000,0.000,0.000
148,0.076,-0.004,1.496,1.724,0.000,0.000,0.000,0.000
149,0.074,-0.004,1.498,1.726,0.000,0.000,0.000,0.000
150,0.074,-0.002,1.496,1.728,0.000,0.000,0.000,0.000
151,0.074,0.002,1.496,1.726,0.000,0.000,0.000,0.000
152,0.074,0.000,1.496,1.726,0.000,0.000,0.000,0.000
153,0.076,0.006,1.496,1.726,0.000,0.000,0.000,0.000
154,0.078,0.008,1.496,1.726,0.000,0.000,0.000,0.000
155,0.080,0.002,1.498,1.726,0.000,0.000,0.000,0.000
156,0.078,0.004,1.494,1.726,0.000,0.000,0.000,0.000
157,0.082,0.006,1.496,1.728,0.000,0.000,0.000,0.000
158,0.080,0.000,1.496,1.726,0.000,0.000,0.000,0.000
159,0.084,0.006,1.496,1.726,0.000,0.000,0.000,0.000
160,0.082,-0.004,1.492,1.724,0.000,0.000,0.000,0.000
161,0.080,-0.004,1.498,1.726,0.000,0.000,0.000,0.000
162,0.078,-0.004,1.496,1.728,0.000,0.000,0.000,0.000
163,0.078,-0.002,1.496,1.728,0.000,0.000,0.000,0.000
164,0.076,0.000,1.498,1.726,0.000,0.000,0.000,0.000
165,0.078,0.004,1.496,1.728,0.000,0.000,0.000,0.000
166,0.080,0.012,1.496,1.726,0.000,0.000,0.000,0.000
167,0.082,0.004,1.496,1.726,0.000,0.000,0.000,0.000
168,0.080,-0.002,1.492,1.726,0.000,0.000,0.000,0.000
169,0.080,0.000,1.502,1.726,0.000,0.000,0.000,0.000
170,0.078,0.000,1.496,1.726,0.000,0.000,0.000,0.000
171,0.076,-0.002,1.496,1.728,0.000,0.000,0.000,0.000
172,0.076,-0.004,1.500,1.728,0.000,0.000,0.000,0.000
173,0.074,-0.002,1.496,1.728,0.000,0.000,0.000,0.000
174,0.070,-0.002,1.498,1.728,0.000,0.000,0.000,0.000
175,0.072,-0.002,1.498,1.728,0.000,0.000,0.000,0.000
176,0.070,0.000,1.496,1.726,0.000,0.000,0.000,0.000
177,0.074,0.006,1.498,1.728,0.000,0.000,0.000,0.000
178,0.078,0.012,1.496,1.728,0.000,0.000,0.000,0.000
179,0.080,0.008,1.498,1.724,0.000,0.000,0.000,0.000
180,0.080,0.002,1.498,1.728,0.000,0.000,0.000,0.000
181,0.082,0.004,1.494,1.726,0.000,0.000,0.000,0.000
182,0.080,0.002,1.496,1.728,0.000,0.000,0.000,0.000
183,0.080,-0.002,1.496,1.726,0.000,0.000,0.000,0.000
184,0.078,-0.002,1.498,1.726,0.000,0.000,0.000,0.000
185,0.076,-0.002,1.496,1.726,0.000,0.000,0.000,0.000
186,0.076,-0.002,1.498,1.726,0.000,0.000,0.000,0.000
187,0.074,-0.004,1.496,1.728,0.000,0.000,0.000,0.000
188,0.072,0.000,1.496,1.728,0.000,0.000,0.000,0.000
189,0.072,0.000,1.498,1.726,0.000,0.000,0.000,0.000
190,0.072,-0.002,1.496,1.726,0.000,0.000,0.000,0.000
191,0.076,0.012,1.496,1.726,0.000,0.000,0.000,0.000
192,0.076,0.002,1.496,1.728,0.000,0.000,0.000,0.000
193,0.074,-0.002,1.498,1.726,0.000,0.000,0.000,0.000
194,0.076,0.002,1.496,1.728,0.000,0.000,0.000,0.000
195,0.074,0.002,1.498,1.728,0.000,0.000,0.000,0.000
196,0.076,-0.002,1.494,1.726,0.000,0.000,0.000,0.000
197,0.076,0.004,1.496,1.726,0.000,0.000,0.000,0.000
198,0.078,0.004,1.498,1.722,0.000,0.000,0.000,0.000
199,0.076,0.000,1.494,1.724,0.000,0.000,0.000,0.000
200,0.072,-0.002,1.496,1.726,0.000,0.000,0.000,0.000
201,0.070,0.000,1.496,1.728,0.000,0.000,0.000,0.000
202,0.072,-0.002,1.496,1.726,0.000,0.000,0.000,0.000
203,0.072,0.000,1.496,1.728,0.000,0.000,0.000,0.000
204,0.072,0.002,1.496,1.726,0.000,0.000,0.000,0.000
205,0.070,-0.002,1.498,1.728,0.000,0.000,0.000,0.000
206,0.070,-0.004,1.494,1.728,0.000,0.000,0.000,0.000
207,0.070,0.006,1.498,1.726,0.000,0.000,0.000,0.000
208,0.074,0.010,1.498,1.726,0.000,0.000,0.000,0.000
209,0.072,0.004,1.498,1.726,0.000,0.000,0.000,0.000
210,0.070,-0.004,1.496,1.728,0.000,0.000,0.000,0.000
211,0.068,-0.002,1.498,1.728,0.000,0.000,0.000,0.000
212,0.068,0.000,1.496,1.726,0.000,0.000,0.000,0.000
213,0.066,0.000,1.494,1.728,0.000,0.000,0.000,0.000
214,0.070,0.000,1.496,1.728,0.000,0.000,0.000,0.000
215,0.066,0.000,1.498,1.728,0.000,0.000,0.000,0.000
216,0.064,0.000,1.496,1.722,0.000,0.000,0.000,0.000
217,0.064,-0.002,1.496,1.722,0.000,0.000,0.000,0.000
218,0.066,0.008,1.498,1.728,0.000,0.000,0.000,0.000
219,0.072,0.010,1.496,1.728,0.000,0.000,0.000,0.000
220,0.070,-0.002,1.496,1.726,0.000,0.000,0.000,0.000
221,0.068,-0.002,1.498,1.728,0.000,0.000,0.000,0.000
222,0.066,-0.002,1.496,1.726,0.000,0.000,0.000,0.000
223,0.076,-0.002,1.496,1.728,0.000,0.000,0.000,0.000
224,0.066,0.002,1.496,1.726,0.000,0.000,0.000,0.000
225,0.066,0.002,1.500,1.728,0.000,0.000,0.000,0.000
226,0.064,-0.002,1.496,1.726,0.000,0.000,0.000,0.000
227,0.062,-0.002,1.496,1.726,0.000,0.000,0.000,0.000
228,0.062,0.000,1.496,1.726,0.000,0.000,0.000,0.000
229,0.060,0.000,1.496,1.726,0.000,0.000,0.000,0.000
230,0.062,0.002,1.496,1.728,0.000,0.000,0.000,0.000
231,0.064,0.004,1.496,1.726,0.000,0.000,0.000,0.000
232,0.060,0.000,1.494,1.726,0.000,0.000,0.000,0.000
233,0.058,-0.002,1.498,1.726,0.000,0.000,0.000,0.000
234,0.060,0.000,1.496,1.726,0.000,0.000,0.000,0.000
235,0.058,0.000,1.498,1.728,0.000,0.000,0.000,0.000
236,0.058,0.000,1.494,1.728,0.000,0.000,0.000,0.000
237,0.058,0.000,1.498,1.726,0.000,0.000,0.000,0.000
238,0.058,-0.002,1.496,1.726,0.000,0.000,0.000,0.000
239,0.056,-0.004,1.496,1.728,0.000,0.000,0.000,0.000
240,0.056,0.004,1.496,1.726,0.000,0.000,0.000,0.000
241,0.056,0.002,1.498,1.726,0.000,0.000,0.000,0.000
242,0.056,0.002,1.496,1.726,0.000,0.000,0.000,0.000
243,0.056,0.002,1.496,1.728,0.000,0.000,0.000,0.000
244,0.056,-0.002,1.496,1.726,0.000,0.000,0.000,0.000
245,0.056,-0.002,1.498,1.724,0.000,0.000,0.000,0.000
246,0.056,-0.002,1.498,1.726,0.000,0.000,0.000,0.000
247,0.054,-0.002,1.496,1.726,0.000,0.000,0.000,0.000
248,0.052,0.000,1.496,1.728,0.000,0.000,0.000,0.000
249,0.052,0.000,1.498,1.728,0.000,0.000,0.000,0.000
250,0.052,-0.002,1.496,1.726,0.000,0.000,0.000,0.000
251,0.050,0.000,1.498,1.726,0.000,0.000,0.000,0.000
252,0.048,-0.002,1.496,1.726,0.000,0.000,0.000,0.000
253,0.048,-0.002,1.498,1.726,0.000,0.000,0.000,0.000
254,0.046,-0.002,1.498,1.728,0.000,0.000,0.000,0.000
255,0.046,-0.002,1.496,1.728,0.000,0.000,0.000,0.000
256,0.046,0.000,1.496,1.728,0.000,0.000,0.000,0.000
257,0.044,0.000,1.498,1.720,0.000,0.000,0.000,0.000
258,0.044,-0.002,1.498,1.726,0.000,0.000,0.000,0.000
259,0.042,-0.002,1.498,1.726,0.000,0.000,0.000,0.000
260,0.040,0.000,1.498,1.726,0.000,0.000,0.000,0.000
261,0.044,0.002,1.498,1.728,0.000,0.000,0.000,0.000
262,0.040,0.002,1.496,1.728,0.000,0.000,0.000,0.000
263,0.040,-0.002,1.498,1.728,0.000,0.000,0.000,0.000
264,0.038,-0.002,1.496,1.728,0.000,0.000,0.000,0.000
265,0.040,0.000,1.496,1.726,0.000,0.000,0.000,0.000
266,0.038,0.000,1.496,1.726,0.000,0.000,0.000,0.000
267,0.038,0.002,1.502,1.728,0.000,0.000,0.000,0.000
268,0.038,0.000,1.496,1.724,0.000,0.000,0.000,0.000
269,0.040,0.006,1.496,1.724,0.000,0.000,0.000,0.000
270,0.042,0.008,1.498,1.726,0.000,0.000,0.000,0.000
271,0.044,0.000,1.498,1.728,0.000,0.000,0.000,0.000
272,0.040,-0.002,1.496,1.728,0.000,0.000,0.000,0.000
273,0.040,0.000,1.496,1.724,0.000,0.000,0.000,0.000
274,0.038,-0.002,1.496,1.728,0.000,0.000,0.000,0.000
275,0.038,0.000,1.496,1.726,0.000,0.000,0.000,0.000
276,0.038,0.002,1.498,1.728,0.000,0.000,0.000,0.000
277,0.040,0.004,1.498,1.726,0.000,0.000,0.000,0.000
278,0.042,0.006,1.496,1.726,0.000,0.000,0.000,0.000
279,0.042,0.002,1.498,1.728,0.000,0.000,0.000,0.000
280,0.044,0.012,1.496,1.726,0.000,0.000,0.000,0.000
281,0.046,0.004,1.496,1.726,0.000,0.000,0.000,0.000
282,0.046,-0.002,1.496,1.728,0.000,0.000,0.000,0.000
283,0.044,-0.004,1.498,1.728,0.000,0.000,0.000,0.000
284,0.042,-0.002,1.496,1.726,0.000,0.000,0.000,0.000
285,0.042,-0.002,1.498,1.728,0.000,0.000,0.000,0.000
286,0.042,0.000,1.498,1.728,0.000,0.000,0.000,0.000
287,0.040,0.000,1.494,1.726,0.000,0.000,0.000,0.000
288,0.040,0.000,1.496,1.726,0.000,0.000,0.000,0.000
289,0.040,-0.002,1.498,1.728,0.000,0.000,0.000,0.000
290,0.038,-0.002,1.498,1.726,0.000,0.000,0.000,0.000
291,0.036,-0.002,1.498,1.728,0.000,0.000,0.000,0.000
292,0.034,0.000,1.496,1.728,0.000,0.000,0.000,0.000
293,0.036,0.006,1.496,1.728,0.000,0.000,0.000,0.000
294,0.040,0.006,1.496,1.728,0.000,0.000,0.000,0.000
295,0.040,0.000,1.496,1.726,0.000,0.000,0.000,0.000
296,0.038,-0.002,1.496,1.726,0.000,0.000,0.000,0.000
297,0.040,0.002,1.496,1.728,0.000,0.000,0.000,0.000
298,0.040,0.002,1.498,1.728,0.000,0.000,0.000,0.000
299,0.044,0.006,1.496,1.726,0.000,0.000,0.000,0.000
300,0.042,0.000,1.496,1.726,0.000,0.000,0.000,0.000
301,0.042,0.006,1.498,1.728,0.000,0.000,0.000,0.000
302,0.044,0.004,1.496,1.724,0.000,0.000,0.000,0.000
303,0.044,0.002,1.498,1.726,0.000,0.000,0.000,0.000
304,0.046,0.000,1.498,1.726,0.000,0.000,0.000,0.000
305,0.044,0.000,1.498,1.728,0.000,0.000,0.000,0.000
306,0.044,0.000,1.496,1.726,0.000,0.000,0.000,0.000
307,0.044,0.000,1.496,1.726,0.000,0.000,0.000,0.000
308,0.042,0.000,1.496,1.728,0.000,0.000,0.000,0.000
309,0.042,0.000,1.496,1.726,0.000,0.000,0.000,0.000
310,0.042,0.002,1.496,1.728,0.000,0.000,0.000,0.000
311,0.044,0.014,1.496,1.728,0.000,0.000,0.000,0.000
312,0.042,0.000,1.496,1.726,0.000,0.000,0.000,0.000
313,0.042,-0.002,1.496,1.728,0.000,0.000,0.000,0.000
314,0.042,-0.002,1.498,1.728,0.000,0.000,0.000,0.000
315,0.040,0.000,1.496,1.722,0.000,0.000,0.000,0.000
316,0.040,0.000,1.498,1.728,0.000,0.000,0.000,0.000
317,0.040,0.006,1.498,1.726,0.000,0.000,0.000,0.000
318,0.042,0.004,1.496,1.726,0.000,0.000,0.000,0.000
319,0.042,0.000,1.496,1.726,0.000,0.000,0.000,0.000
320,0.040,-0.002,1.498,1.728,0.000,0.000,0.000,0.000
321,0.040,0.000,1.496,1.726,0.000,0.000,0.000,0.000
322,0.040,-0.002,1.496,1.728,0.000,0.000,0.000,0.000
323,0.038,-0.002,1.496,1.728,0.000,0.000,0.000,0.000
324,0.038,0.000,1.498,1.722,0.000,0.000,0.000,0.000
325,0.036,-0.004,1.496,1.726,0.000,0.000,0.000,0.000
326,0.036,0.000,1.496,1.726,0.000,0.000,0.000,0.000
327,0.036,-0.002,1.498,1.728,0.000,0.000,0.000,0.000
328,0.036,0.000,1.496,1.726,0.000,0.000,0.000,0.000
329,0.034,-0.004,1.498,1.726,0.000,0.000,0.000,0.000
330,0.034,-0.002,1.498,1.726,0.000,0.000,0.000,0.000
331,0.032,-0.002,1.496,1.726,0.000,0.000,0.000,0.000
332,0.032,-0.002,1.496,1.728,0.000,0.000,0.000,0.000
333,0.030,-0.002,1.496,1.726,0.000,0.000,0.000,0.000
334,0.030,-0.002,1.496,1.726,0.000,0.000,0.000,0.000
335,0.030,-0.002,1.498,1.728,0.000,0.000,0.000,0.000
336,0.028,0.000,1.496,1.726,0.000,0.000,0.000,0.000
337,0.028,-0.002,1.498,1.728,0.000,0.000,0.000,0.000
338,0.026,-0.002,1.496,1.726,0.000,0.000,0.000,0.000
339,0.026,0.000,1.498,1.726,0.000,0.000,0.000,0.000
340,0.024,0.002,1.496,1.726,0.000,0.000,0.000,0.000
341,0.026,0.000,1.498,1.726,0.000,0.000,0.000,0.000
342,0.024,0.000,1.496,1.726,0.000,0.000,0.000,0.000
343,0.022,-0.002,1.494,1.728,0.000,0.000,0.000,0.000
344,0.022,-0.002,1.496,1.726,0.000,0.000,0.000,0.000
345,0.024,0.000,1.496,1.726,0.000,0.000,0.000,0.000
346,0.026,0.002,1.496,1.728,0.000,0.000,0.000,0.000
347,0.024,-0.002,1.496,1.726,0.000,0.000,0.000,0.000
348,0.024,0.006,1.498,1.726,0.000,0.000,0.000,0.000
349,0.028,0.010,1.496,1.728,0.000,0.000,0.000,0.000
350,0.030,0.004,1.496,1.726,0.000,0.000,0.000,0.000
351,0.030,0.000,1.496,1.726,0.000,0.000,0.000,0.000
352,0.030,0.000,1.498,1.726,0.000,0.000,0.000,0.000
353,0.028,0.000,1.494,1.728,0.000,0.000,0.000,0.000
354,0.028,-0.002,1.498,1.726,0.000,0.000,0.000,0.000
355,0.026,-0.002,1.496,1.726,0.000,0.000,0.000,0.000
356,0.024,-0.002,1.496,1.734,0.000,0.000,0.000,0.000
357,0.024,0.000,1.498,1.726,0.000,0.000,0.000,0.000
358,0.024,0.000,1.496,1.728,0.000,0.000,0.000,0.000
359,0.024,0.000,1.496,1.726,0.000,0.000,0.000,0.000
360,0.022,-0.002,1.494,1.728,0.000,0.000,0.000,0.000
361,0.020,-0.002,1.496,1.726,0.000,0.000,0.000,0.000
362,0.020,-0.002,1.496,1.726,0.000,0.000,0.000,0.000
363,0.018,0.000,1.498,1.728,0.000,0.000,0.000,0.000
364,0.018,0.000,1.496,1.726,0.000,0.000,0.000,0.000
365,0.018,0.000,1.496,1.728,0.000,0.000,0.000,0.000
366,0.016,0.000,1.496,1.726,0.000,0.000,0.000,0.000
367,0.018,0.004,1.494,1.728,0.000,0.000,0.000,0.000
368,0.020,0.002,1.496,1.726,0.000,0.000,0.000,0.000
369,0.018,0.000,1.496,1.728,0.000,0.000,0.000,0.000
370,0.020,0.008,1.496,1.730,0.000,0.000,0.000,0.000
371,0.028,0.022,1.498,1.724,0.000,0.000,0.000,0.000
372,0.032,0.012,1.496,1.728,0.000,0.000,0.000,0.000
373,0.032,0.002,1.498,1.726,0.000,0.000,0.000,0.000
374,0.030,-0.002,1.498,1.726,0.000,0.000,0.000,0.000
375,0.030,-0.002,1.496,1.728,0.000,0.000,0.000,0.000
376,0.028,0.000,1.496,1.728,0.000,0.000,0.000,0.000
377,0.028,0.000,1.500,1.728,0.000,0.000,0.000,0.000
378,0.028,-0.002,1.496,1.726,0.000,0.000,0.000,0.000
379,0.026,-0.002,1.496,1.732,0.000,0.000,0.000,0.000
380,0.026,0.002,1.498,1.728,0.000,0.000,0.000,0.000
381,0.024,0.000,1.494,1.726,0.000,0.000,0.000,0.000
382,0.024,0.000,1.496,1.728,0.000,0.000,0.000,0.000
383,0.024,0.006,1.496,1.728,0.000,0.000,0.000,0.000
384,0.028,0.004,1.498,1.726,0.000,0.000,0.000,0.000
385,0.028,0.000,1.494,1.728,0.000,0.000,0.000,0.000
386,0.028,0.002,1.496,1.728,0.000,0.000,0.000,0.000
387,0.028,0.000,1.496,1.726,0.000,0.000,0.000,0.000
388,0.026,0.000,1.496,1.726,0.000,0.000,0.000,0.000
389,0.028,0.002,1.498,1.728,0.000,0.000,0.000,0.000
390,0.026,0.000,1.498,1.728,0.000,0.000,0.000,0.000
391,0.024,0.000,1.494,1.726,0.000,0.000,0.000,0.000
392,0.024,0.000,1.496,1.726,0.000,0.000,0.000,0.000
393,0.022,-0.002,1.496,1.726,0.000,0.000,0.000,0.000
394,0.022,-0.002,1.496,1.728,0.000,0.000,0.000,0.000
395,0.022,-0.002,1.496,1.728,0.000,0.000,0.000,0.000
396,0.020,-0.002,1.498,1.728,0.000,0.000,0.000,0.000
397,0.020,0.000,1.498,1.726,0.000,0.000,0.000,0.000
398,0.018,-0.002,1.496,1.726,0.000,0.000,0.000,0.000
399,0.016,-0.004,1.496,1.726,0.000,0.000,0.000,0.000
400,0.008,-0.004,1.496,1.726,0.000,0.000,0.000,0.000
401,0.012,-0.004,1.492,1.728,0.000,0.000,0.000,0.000
402,0.012,-0.004,1.496,1.726,0.000,0.000,0.000,0.000
403,0.012,-0.002,1.496,1.728,0.000,0.000,0.000,0.000
404,0.008,-0.002,1.496,1.726,0.000,0.000,0.000,0.000
405,0.010,0.002,1.496,1.728,0.000,0.000,0.000,0.000
406,0.010,0.000,1.496,1.728,0.000,0.000,0.000,0.000
407,0.008,0.000,1.498,1.724,0.000,0.000,0.000,0.000
408,0.008,-0.002,1.496,1.726,0.000,0.000,0.000,0.000
409,0.008,0.002,1.494,1.724,0.000,0.000,0.000,0.000
410,0.004,-0.002,1.496,1.726,0.000,0.000,0.000,0.000
411,0.006,-0.002,1.498,1.724,0.000,0.000,0.000,0.000
412,0.004,-0.004,1.496,1.726,0.000,0.000,0.000,0.000
413,0.002,-0.004,1.498,1.728,0.000,0.000,0.000,0.000
414,0.002,-0.002,1.496,1.720,0.000,0.000,0.000,0.000
415,0.000,-0.002,1.496,1.728,0.000,0.000,0.000,0.000
416,0.000,-0.004,1.496,1.726,0.000,0.000,0.000,0.000
417,0.000,0.002,1.494,1.724,0.000,0.000,0.000,0.000
418,0.002,0.004,1.496,1.726,0.000,0.000,0.000,0.000
419,0.002,0.000,1.502,1.730,0.000,0.000,0.000,0.000
420,0.000,-0.002,1.502,1.726,0.000,0.000,0.000,0.000
421,0.000,0.000,1.498,1.726,0.000,0.000,0.000,0.000
422,0.000,-0.002,1.496,1.726,0.000,0.000,0.000,0.000
423,-0.002,-0.004,1.496,1.728,0.000,0.000,0.000,0.000
424,0.000,0.000,1.496,1.728,0.000,0.000,0.000,0.000
425,-0.002,0.000,1.498,1.726,0.000,0.000,0.000,0.000
426,-0.004,-0.002,1.496,1.726,0.000,0.000,0.000,0.000
427,-0.004,-0.002,1.496,1.728,0.000,0.000,0.000,0.000
428,-0.006,-0.002,1.496,1.726,0.000,0.000,0.000,0.000
429,-0.006,0.000,1.498,1.726,0.000,0.000,0.000,0.000
430,-0.006,0.000,1.496,1.724,0.000,0.000,0.000,0.000
431,-0.006,0.000,1.496,1.728,0.000,0.000,0.000,0.000
432,-0.006,0.002,1.496,1.726,0.000,0.000,0.000,0.000
433,-0.006,0.000,1.498,1.726,0.000,0.000,0.000,0.000
434,-0.008,0.000,1.496,1.724,0.000,0.000,0.000,0.000
435,-0.008,-0.002,1.496,1.722,0.000,0.000,0.000,0.000
436,-0.010,0.000,1.494,1.728,0.000,0.000,0.000,0.000
437,-0.010,0.000,1.498,1.726,0.000,0.000,0.000,0.000
438,-0.010,0.000,1.498,1.726,0.000,0.000,0.000,0.000
439,-0.012,-0.002,1.496,1.732,0.000,0.000,0.000,0.000
440,-0.012,-0.002,1.496,1.728,0.000,0.000,0.000,0.000
441,-0.008,0.002,1.498,1.726,0.000,0.000,0.000,0.000
442,-0.012,0.002,1.498,1.728,0.000,0.000,0.000,0.000
443,-0.010,0.004,1.498,1.726,0.000,0.000,0.000,0.000
444,-0.010,0.002,1.496,1.726,0.000,0.000,0.000,0.000
445,-0.012,-0.004,1.496,1.726,0.000,0.000,0.000,0.000
446,-0.012,0.000,1.496,1.726,0.000,0.000,0.000,0.000
447,-0.014,0.000,1.498,1.726,0.000,0.000,0.000,0.000
448,-0.014,0.000,1.494,1.726,0.000,0.000,0.000,0.000
449,-0.014,-0.002,1.496,1.726,0.000,0.000,0.000,0.000
450,-0.016,-0.002,1.498,1.728,0.000,0.000,0.000,0.000
451,-0.016,-0.002,1.498,1.726,0.000,0.000,0.000,0.000
452,-0.018,-0.002,1.494,1.728,0.000,0.000,0.000,0.000
453,-0.016,0.002,1.496,1.726,0.000,0.000,0.000,0.000
454,-0.016,0.002,1.496,1.726,0.000,0.000,0.000,0.000
455,-0.020,0.000,1.496,1.726,0.000,0.000,0.000,0.000
456,-0.020,0.000,1.496,1.726,0.000,0.000,0.000,0.000
457,-0.016,0.002,1.500,1.728,0.000,0.000,0.000,0.000
458,-0.020,-0.002,1.496,1.728,0.000,0.000,0.000,0.000
459,-0.022,-0.002,1.496,1.724,0.000,0.000,0.000,0.000
460,-0.022,-0.002,1.496,1.726,0.000,0.000,0.000,0.000
461,-0.022,0.000,1.498,1.724,0.000,0.000,0.000,0.000
462,-0.020,0.000,1.496,1.726,0.000,0.000,0.000,0.000
463,-0.022,0.000,1.496,1.726,0.000,0.000,0.000,0.000
464,-0.022,0.000,1.496,1.726,0.000,0.000,0.000,0.000
465,-0.024,-0.002,1.496,1.726,0.000,0.000,0.000,0.000
466,-0.024,-0.002,1.498,1.726,0.000,0.000,0.000,0.000
467,-0.026,0.000,1.496,1.726,0.000,0.000,0.000,0.000
468,-0.026,-0.002,1.496,1.726,0.000,0.000,0.000,0.000
469,-0.026,-0.002,1.498,1.726,0.000,0.000,0.000,0.000
470,-0.026,0.004,1.496,1.728,0.000,0.000,0.000,0.000
471,-0.024,0.010,1.496,1.728,0.000,0.000,0.000,0.000
472,-0.024,0.000,1.496,1.728,0.000,0.000,0.000,0.000
473,-0.026,0.000,1.498,1.728,0.000,0.000,0.000,0.000
474,-0.026,0.000,1.494,1.726,0.000,0.000,0.000,0.000
475,-0.030,0.000,1.496,1.726,0.000,0.000,0.000,0.000
476,-0.026,0.000,1.496,1.726,0.000,0.000,0.000,0.000
477,-0.026,0.002,1.498,1.726,0.000,0.000,0.000,0.000
478,-0.026,0.000,1.496,1.728,0.000,0.000,0.000,0.000
479,-0.026,-0.006,1.496,1.726,0.000,0.000,0.000,0.000
480,-0.028,-0.004,1.496,1.728,0.000,0.000,0.000,0.000
481,-0.028,-0.002,1.498,1.728,0.000,0.000,0.000,0.000
482,-0.030,0.000,1.496,1.726,0.000,0.000,0.000,0.000
483,-0.030,0.000,1.496,1.726,0.000,0.000,0.000,0.000
484,-0.030,-0.002,1.494,1.726,0.000,0.000,0.000,0.000
485,-0.032,0.000,1.496,1.726,0.000,0.000,0.000,0.000
486,-0.032,0.002,1.500,1.726,0.000,0.000,0.000,0.000
487,-0.030,0.002,1.496,1.728,0.000,0.000,0.000,0.000
488,-0.032,-0.002,1.496,1.724,0.000,0.000,0.000,0.000
489,-0.032,0.000,1.496,1.728,0.000,0.000,0.000,0.000
490,-0.032,-0.002,1.498,1.726,0.000,0.000,0.000,0.000
491,-0.034,-0.004,1.496,1.726,0.000,0.000,0.000,0.000
492,-0.036,-0.004,1.496,1.728,0.000,0.000,0.000,0.000
493,-0.038,-0.006,1.494,1.726,0.000,0.000,0.000,0.000
494,-0.040,-0.004,1.496,1.728,0.000,0.000,0.000,0.000
495,-0.042,-0.002,1.496,1.726,0.000,0.000,0.000,0.000
496,-0.042,-0.004,1.498,1.726,0.000,0.000,0.000,0.000
497,-0.044,-0.002,1.496,1.726,0.000,0.000,0.000,0.000
498,-0.046,-0.004,1.496,1.724,0.000,0.000,0.000,0.000
499,-0.048,-0.004,1.498,1.728,0.000,0.000,0.000,0.000
500,-0.048,0.002,1.498,1.726,0.000,0.000,0.000,0.000
501,-0.046,0.002,1.496,1.726,0.000,0.000,0.000,0.000
502,-0.044,0.006,1.498,1.726,0.000,0.000,0.000,0.000
503,-0.040,0.008,1.494,1.726,0.000,0.000,0.000,0.000
504,-0.040,0.004,1.494,1.726,0.000,0.000,0.000,0.000
505,-0.040,0.000,1.496,1.726,0.000,0.000,0.000,0.000
506,-0.040,0.000,1.496,1.726,0.000,0.000,0.000,0.000
507,-0.042,0.000,1.498,1.726,0.000,0.000,0.000,0.000
508,-0.042,0.002,1.502,1.726,0.000,0.000,0.000,0.000
509,-0.040,0.006,1.500,1.728,0.000,0.000,0.000,0.000
510,-0.038,0.004,1.498,1.728,0.000,0.000,0.000,0.000
511,-0.038,0.000,1.496,1.726,0.000,0.000,0.000,0.000
512,-0.040,0.000,1.496,1.726,0.000,0.000,0.000,0.000
513,-0.038,0.000,1.496,1.726,0.000,0.000,0.000,0.000
514,-0.042,0.000,1.498,1.728,0.000,0.000,0.000,0.000
515,-0.042,0.000,1.498,1.728,0.000,0.000,0.000,0.000
516,-0.042,0.000,1.496,1.726,0.000,0.000,0.000,0.000
517,-0.042,0.004,1.498,1.728,0.000,0.000,0.000,0.000
518,-0.044,0.000,1.498,1.726,0.000,0.000,0.000,0.000
519,-0.042,-0.002,1.498,1.726,0.000,0.000,0.000,0.000
520,-0.044,0.000,1.496,1.726,0.000,0.000,0.000,0.000
521,-0.046,0.000,1.496,1.728,0.000,0.000,0.000,0.000
522,-0.046,0.000,1.494,1.726,0.000,0.000,0.000,0.000
523,-0.046,0.002,1.494,1.726,0.000,0.000,0.000,0.000
524,-0.046,0.000,1.498,1.728,0.000,0.000,0.000,0.000
525,-0.048,-0.002,1.496,1.728,0.000,0.000,0.000,0.000
526,-0.048,-0.006,1.498,1.726,0.000,0.000,0.000,0.000
527,-0.048,-0.002,1.496,1.726,0.000,0.000,0.000,0.000
528,-0.050,-0.002,1.496,1.728,0.000,0.000,0.000,0.000
529,-0.050,0.000,1.498,1.726,0.000,0.000,0.000,0.000
530,-0.050,0.000,1.494,1.728,0.000,0.000,0.000,0.000
531,-0.050,0.004,1.496,1.726,0.000,0.000,0.000,0.000
532,-0.048,0.002,1.498,1.726,0.000,0.000,0.000,0.000
533,-0.050,0.002,1.496,1.726,0.000,0.000,0.000,0.000
534,-0.048,0.002,1.494,1.726,0.000,0.000,0.000,0.000
535,-0.048,0.000,1.496,1.726,0.000,0.000,0.000,0.000
536,-0.050,0.000,1.496,1.728,0.000,0.000,0.000,0.000
537,-0.050,0.000,1.496,1.726,0.000,0.000,0.000,0.000
538,-0.052,0.000,1.496,1.726,0.000,0.000,0.000,0.000
539,-0.052,0.000,1.494,1.726,0.000,0.000,0.000,0.000
540,-0.052,-0.002,1.496,1.726,0.000,0.000,0.000,0.000
541,-0.054,-0.002,1.496,1.726,0.000,0.000,0.000,0.000
542,-0.054,-0.002,1.496,1.726,0.000,0.000,0.000,0.000
543,-0.052,0.000,1.496,1.728,0.000,0.000,0.000,0.000
544,-0.054,0.000,1.496,1.728,0.000,0.000,0.000,0.000
545,-0.058,-0.004,1.498,1.728,0.000,0.000,0.000,0.000
546,-0.058,-0.002,1.496,1.726,0.000,0.000,0.000,0.000
547,-0.058,-0.002,1.498,1.726,0.000,0.000,0.000,0.000
548,-0.058,-0.002,1.492,1.728,0.000,0.000,0.000,0.000
549,-0.060,-0.002,1.496,1.726,0.000,0.000,0.000,0.000
550,-0.060,0.000,1.496,1.726,0.000,0.000,0.000,0.000
551,-0.060,0.000,1.498,1.726,0.000,0.000,0.000,0.000
552,-0.062,0.000,1.496,1.726,0.000,0.000,0.000,0.000
553,-0.060,0.000,1.496,1.730,0.000,0.000,0.000,0.000
554,-0.060,0.000,1.498,1.728,0.000,0.000,0.000,0.000
555,-0.062,0.000,1.496,1.726,0.000,0.000,0.000,0.000
556,-0.066,0.000,1.498,1.726,0.000,0.000,0.000,0.000
557,-0.066,-0.002,1.496,1.728,0.000,0.000,0.000,0.000
558,-0.064,0.000,1.496,1.728,0.000,0.000,0.000,0.000
559,-0.066,-0.002,1.498,1.728,0.000,0.000,0.000,0.000
560,-0.066,0.000,1.496,1.728,0.000,0.000,0.000,0.000
561,-0.068,-0.002,1.496,1.726,0.000,0.000,0.000,0.000
562,-0.068,-0.002,1.496,1.728,0.000,0.000,0.000,0.000
563,-0.070,0.000,1.496,1.728,0.000,0.000,0.000,0.000
564,-0.070,-0.002,1.498,1.726,0.000,0.000,0.000,0.000
565,-0.070,0.000,1.496,1.726,0.000,0.000,0.000,0.000
566,-0.070,0.000,1.496,1.726,0.000,0.000,0.000,0.000
567,-0.072,0.000,1.496,1.728,0.000,0.000,0.000,0.000
568,-0.072,0.000,1.496,1.726,0.000,0.000,0.000,0.000
569,-0.072,0.000,1.496,1.726,0.000,0.000,0.000,0.000
570,-0.070,0.002,1.498,1.726,0.000,0.000,0.000,0.000
571,-0.070,0.002,1.496,1.726,0.000,0.000,0.000,0.000
572,-0.070,0.000,1.496,1.728,0.000,0.000,0.000,0.000
573,-0.072,0.000,1.496,1.726,0.000,0.000,0.000,0.000
574,-0.072,0.000,1.496,1.726,0.000,0.000,0.000,0.000
575,-0.076,0.000,1.494,1.728,0.000,0.000,0.000,0.000
576,-0.074,0.000,1.496,1.726,0.000,0.000,0.000,0.000
577,-0.074,0.006,1.498,1.728,0.000,0.000,0.000,0.000
578,-0.074,-0.002,1.498,1.726,0.000,0.000,0.000,0.000
579,-0.076,0.000,1.496,1.726,0.000,0.000,0.000,0.000
580,-0.076,0.000,1.492,1.724,0.000,0.000,0.000,0.000
581,-0.076,0.000,1.496,1.726,0.000,0.000,0.000,0.000
582,-0.078,0.000,1.496,1.726,0.000,0.000,0.000,0.000
583,-0.078,-0.002,1.496,1.728,0.000,0.000,0.000,0.000
584,-0.078,-0.002,1.496,1.726,0.000,0.000,0.000,0.000
585,-0.080,-0.002,1.496,1.726,0.000,0.000,0.000,0.000
586,-0.080,-0.002,1.496,1.726,0.000,0.000,0.000,0.000
587,-0.082,-0.002,1.496,1.728,0.000,0.000,0.000,0.000
588,-0.080,-0.002,1.500,1.728,0.000,0.000,0.000,0.000
589,-0.082,0.000,1.500,1.726,0.000,0.000,0.000,0.000
590,-0.084,0.000,1.494,1.724,0.000,0.000,0.000,0.000
591,-0.082,0.000,1.496,1.724,0.000,0.000,0.000,0.000
592,-0.084,0.000,1.496,1.726,0.000,0.000,0.000,0.000
593,-0.084,0.000,1.496,1.726,0.000,0.000,0.000,0.000
594,-0.086,0.000,1.496,1.726,0.000,0.000,0.000,0.000
595,-0.086,0.000,1.496,1.726,0.000,0.000,0.000,0.000
596,-0.086,0.000,1.496,1.726,0.000,0.000,0.000,0.000
597,-0.086,0.000,1.496,1.726,0.000,0.000,0.000,0.000
598,-0.090,0.000,1.498,1.726,0.000,0.000,0.000,0.000
599,-0.086,0.000,1.498,1.726,0.000,0.000,0.000,0.000
600,-0.086,0.000,1.496,1.730,0.000,0.000,0.000,0.000
601,-0.086,-0.002,1.496,1.726,0.000,0.000,0.000,0.000
602,-0.088,0.000,1.496,1.726,0.000,0.000,0.000,0.000
603,-0.088,0.000,1.496,1.726,0.000,0.000,0.000,0.000
604,-0.090,0.000,1.494,1.728,0.000,0.000,0.000,0.000
605,-0.088,0.000,1.496,1.724,0.000,0.000,0.000,0.000
606,-0.090,0.000,1.494,1.726,0.000,0.000,0.000,0.000
607,-0.090,0.000,1.496,1.726,0.000,0.000,0.000,0.000
608,-0.088,0.000,1.498,1.726,0.000,0.000,0.000,0.000
609,-0.090,0.000,1.498,1.728,0.000,0.000,0.000,0.000
610,-0.090,0.000,1.494,1.728,0.000,0.000,0.000,0.000
611,-0.090,0.000,1.498,1.724,0.000,0.000,0.000,0.000
612,-0.090,0.000,1.496,1.728,0.000,0.000,0.000,0.000
613,-0.090,0.000,1.498,1.726,0.000,0.000,0.000,0.000
614,-0.092,-0.002,1.496,1.726,0.000,0.000,0.000,0.000
615,-0.090,0.000,1.496,1.728,0.000,0.000,0.000,0.000
616,-0.092,-0.002,1.496,1.726,0.000,0.000,0.000,0.000
617,-0.092,0.000,1.496,1.728,0.000,0.000,0.000,0.000
618,-0.094,-0.002,1.496,1.726,0.000,0.000,0.000,0.000
619,-0.094,0.006,1.496,1.728,0.000,0.000,0.000,0.000
620,-0.096,0.000,1.496,1.726,0.000,0.000,0.000,0.000
621,-0.094,0.000,1.498,1.726,0.000,0.000,0.000,0.000
622,-0.096,0.000,1.496,1.726,0.000,0.000,0.000,0.000
623,-0.096,0.000,1.496,1.726,0.000,0.000,0.000,0.000
624,-0.098,0.000,1.496,1.726,0.000,0.000,0.000,0.000
625,-0.096,0.000,1.496,1.726,0.000,0.000,0.000,0.000
626,-0.096,0.000,1.496,1.726,0.000,0.000,0.000,0.000
627,-0.096,0.000,1.496,1.728,0.000,0.000,0.000,0.000
628,-0.098,0.002,1.496,1.728,0.000,0.000,0.000,0.000
629,-0.096,0.002,1.496,1.728,0.000,0.000,0.000,0.000
630,-0.098,0.002,1.498,1.726,0.000,0.000,0.000,0.000
631,-0.098,0.002,1.496,1.726,0.000,0.000,0.000,0.000
632,-0.098,0.002,1.498,1.726,0.000,0.000,0.000,0.000
633,-0.098,0.000,1.496,1.724,0.000,0.000,0.000,0.000
634,-0.098,0.000,1.496,1.728,0.000,0.000,0.000,0.000
635,-0.098,0.000,1.496,1.726,0.000,0.000,0.000,0.000
636,-0.098,0.000,1.492,1.728,0.000,0.000,0.000,0.000
637,-0.098,0.000,1.496,1.724,0.000,0.000,0.000,0.000
638,-0.096,0.002,1.496,1.726,0.000,0.000,0.000,0.000
639,-0.096,0.004,1.496,1.728,0.000,0.000,0.000,0.000
640,-0.096,0.002,1.496,1.728,0.000,0.000,0.000,0.000
641,-0.100,0.002,1.496,1.726,0.000,0.000,0.000,0.000
642,-0.096,0.000,1.496,1.726,0.000,0.000,0.000,0.000
643,-0.098,0.000,1.498,1.728,0.000,0.000,0.000,0.000
644,-0.096,0.002,1.498,1.728,0.000,0.000,0.000,0.000
645,-0.096,0.000,1.498,1.728,0.000,0.000,0.000,0.000
646,-0.098,0.000,1.496,1.728,0.000,0.000,0.000,0.000
647,-0.098,0.000,1.496,1.726,0.000,0.000,0.000,0.000
648,-0.098,0.000,1.496,1.728,0.000,0.000,0.000,0.000
649,-0.098,0.000,1.496,1.728,0.000,0.000,0.000,0.000
650,-0.098,0.000,1.496,1.726,0.000,0.000,0.000,0.000
651,-0.098,0.000,1.496,1.726,0.000,0.000,0.000,0.000
652,-0.098,0.002,1.496,1.726,0.000,0.000,0.000,0.000
653,-0.098,0.002,1.494,1.724,0.000,0.000,0.000,0.000
654,-0.100,0.000,1.496,1.726,0.000,0.000,0.000,0.000
655,-0.098,-0.002,1.498,1.726,0.000,0.000,0.000,0.000
656,-0.098,0.000,1.496,1.726,0.000,0.000,0.000,0.000
657,-0.098,0.000,1.498,1.728,0.000,0.000,0.000,0.000
658,-0.098,0.000,1.498,1.728,0.000,0.000,0.000,0.000
659,-0.100,0.000,1.496,1.726,0.000,0.000,0.000,0.000
660,-0.102,0.000,1.498,1.728,0.000,0.000,0.000,0.000
661,-0.102,0.000,1.498,1.728,0.000,0.000,0.000,0.000
662,-0.100,0.000,1.496,1.726,0.000,0.000,0.000,0.000
663,-0.102,0.000,1.496,1.728,0.000,0.000,0.000,0.000
664,-0.100,0.004,1.496,1.726,0.000,0.000,0.000,0.000
665,-0.100,0.000,1.498,1.726,0.000,0.000,0.000,0.000
666,-0.102,0.002,1.496,1.728,0.000,0.000,0.000,0.000
667,-0.100,0.000,1.496,1.726,0.000,0.000,0.000,0.000
668,-0.100,0.000,1.496,1.726,0.000,0.000,0.000,0.000
669,-0.070,0.100,1.496,1.726,0.000,0.000,0.000,0.000
670,-0.042,0.054,1.496,1.726,0.000,0.000,0.000,0.000
671,-0.048,-0.008,1.498,1.726,0.000,0.000,0.000,0.000
672,-0.060,-0.022,1.496,1.728,0.000,0.000,0.000,0.000
673,-0.068,-0.024,1.496,1.726,0.000,0.000,0.000,0.000
674,-0.076,-0.018,1.496,1.726,0.000,0.000,0.000,0.000
675,-0.080,-0.012,1.496,1.726,0.000,0.000,0.000,0.000
676,-0.084,-0.008,1.496,1.726,0.000,0.000,0.000,0.000
677,-0.086,-0.006,1.496,1.728,0.000,0.000,0.000,0.000
678,-0.086,0.000,1.496,1.728,0.000,0.000,0.000,0.000
679,-0.088,0.000,1.500,1.726,0.000,0.000,0.000,0.000
680,-0.088,0.000,1.496,1.726,0.000,0.000,0.000,0.000
681,-0.088,0.000,1.496,1.732,0.000,0.000,0.000,0.000
682,-0.088,0.000,1.496,1.726,0.000,0.000,0.000,0.000
683,-0.086,0.000,1.496,1.726,0.000,0.000,0.000,0.000
684,-0.086,0.000,1.496,1.726,0.000,0.000,0.000,0.000
685,-0.090,0.000,1.498,1.724,0.000,0.000,0.000,0.000
686,-0.090,0.000,1.496,1.728,0.000,0.000,0.000,0.000
687,-0.090,0.000,1.496,1.726,0.000,0.000,0.000,0.000
688,-0.090,0.000,1.496,1.726,0.000,0.000,0.000,0.000
689,-0.090,0.000,1.498,1.726,0.000,0.000,0.000,0.000
690,-0.090,0.000,1.498,1.728,0.000,0.000,0.000,0.000
691,-0.090,0.000,1.496,1.726,0.000,0.000,0.000,0.000
692,-0.088,0.002,1.496,1.726,0.000,0.000,0.000,0.000
693,-0.090,0.000,1.494,1.726,0.000,0.000,0.000,0.000
694,-0.090,0.000,1.496,1.726,0.000,0.000,0.000,0.000
695,-0.090,0.000,1.496,1.726,0.000,0.000,0.000,0.000
696,-0.090,0.000,1.496,1.726,0.000,0.000,0.000,0.000
697,-0.090,0.004,1.496,1.728,0.000,0.000,0.000,0.000
698,-0.088,0.002,1.496,1.728,0.000,0.000,0.000,0.000
699,-0.092,0.002,1.496,1.728,0.000,0.000,0.000,0.000
700,-0.088,0.002,1.496,1.726,0.000,0.000,0.000,0.000
701,-0.088,0.000,1.496,1.728,0.000,0.000,0.000,0.000
702,-0.090,0.000,1.498,1.726,0.000,0.000,0.000,0.000
703,-0.088,0.002,1.498,1.728,0.000,0.000,0.000,0.000
704,-0.090,0.002,1.496,1.726,0.000,0.000,0.000,0.000
705,-0.088,0.000,1.498,1.724,0.000,0.000,0.000,0.000
706,-0.090,0.000,1.498,1.726,0.000,0.000,0.000,0.000
707,-0.090,0.000,1.498,1.726,0.000,0.000,0.000,0.000
708,-0.088,0.000,1.498,1.728,0.000,0.000,0.000,0.000
709,-0.090,0.002,1.496,1.726,0.000,0.000,0.000,0.000
710,-0.090,0.000,1.498,1.728,0.000,0.000,0.000,0.000
711,-0.090,-0.002,1.496,1.726,0.000,0.000,0.000,0.000
712,-0.090,0.002,1.498,1.728,0.000,0.000,0.000,0.000
713,-0.092,0.000,1.496,1.728,0.000,0.000,0.000,0.000
714,-0.088,0.002,1.498,1.724,0.000,0.000,0.000,0.000
715,-0.090,0.002,1.498,1.726,0.000,0.000,0.000,0.000
716,-0.090,0.000,1.496,1.726,0.000,0.000,0.000,0.000
717,-0.090,0.000,1.496,1.728,0.000,0.000,0.000,0.000
718,-0.090,0.000,1.496,1.728,0.000,0.000,0.000,0.000
719,-0.090,0.000,1.496,1.726,0.000,0.000,0.000,0.000
720,-0.090,0.002,1.498,1.726,0.000,0.000,0.000,0.000
721,-0.092,0.000,1.496,1.724,0.000,0.000,0.000,0.000
722,-0.092,0.004,1.496,1.726,0.000,0.000,0.000,0.000
723,-0.090,0.000,1.498,1.726,0.000,0.000,0.000,0.000
724,-0.092,0.000,1.496,1.726,0.000,0.000,0.000,0.000
725,-0.092,0.000,1.498,1.728,0.000,0.000,0.000,0.000
726,-0.092,0.002,1.496,1.726,0.000,0.000,0.000,0.000
727,-0.092,0.000,1.496,1.726,0.000,0.000,0.000,0.000
728,-0.092,0.000,1.494,1.728,0.000,0.000,0.000,0.000
729,-0.092,0.000,1.498,1.726,0.000,0.000,0.000,0.000
730,-0.094,0.000,1.498,1.728,0.000,0.000,0.000,0.000
731,-0.092,0.000,1.496,1.726,0.000,0.000,0.000,0.000
732,-0.084,0.002,1.498,1.724,0.000,0.000,0.000,0.000
733,-0.092,0.000,1.498,1.728,0.000,0.000,0.000,0.000
734,-0.094,0.000,1.496,1.728,0.000,0.000,0.000,0.000
735,-0.094,0.000,1.506,1.726,0.000,0.000,0.000,0.000
736,-0.094,0.002,1.496,1.726,0.000,0.000,0.000,0.000
737,-0.094,0.000,1.496,1.728,0.000,0.000,0.000,0.000
738,-0.094,0.000,1.496,1.726,0.000,0.000,0.000,0.000
739,-0.096,0.000,1.496,1.728,0.000,0.000,0.000,0.000
740,-0.096,0.000,1.496,1.726,0.000,0.000,0.000,0.000
741,-0.096,0.000,1.496,1.736,0.000,0.000,0.000,0.000
742,-0.096,0.000,1.498,1.728,0.000,0.000,0.000,0.000
743,-0.096,0.000,1.496,1.726,0.000,0.000,0.000,0.000
744,-0.096,0.000,1.496,1.726,0.000,0.000,0.000,0.000
745,-0.098,0.000,1.498,1.728,0.000,0.000,0.000,0.000
746,-0.098,0.000,1.496,1.720,0.000,0.000,0.000,0.000
747,-0.098,0.000,1.496,1.726,0.000,0.000,0.000,0.000
748,-0.098,0.000,1.498,1.724,0.000,0.000,0.000,0.000
749,-0.098,0.000,1.498,1.728,0.000,0.000,0.000,0.000
750,-0.098,0.000,1.496,1.726,0.000,0.000,0.000,0.000
751,-0.096,0.000,1.498,1.728,0.000,0.000,0.000,0.000
752,-0.098,0.000,1.496,1.726,0.000,0.000,0.000,0.000
753,-0.100,0.000,1.498,1.728,0.000,0.000,0.000,0.000
754,-0.100,0.000,1.496,1.728,0.000,0.000,0.000,0.000
755,-0.100,0.000,1.498,1.728,0.000,0.000,0.000,0.000
756,-0.098,0.004,1.496,1.728,0.000,0.000,0.000,0.000
757,-0.098,0.002,1.498,1.726,0.000,0.000,0.000,0.000
758,-0.098,0.000,1.496,1.726,0.000,0.000,0.000,0.000
759,-0.098,0.000,1.498,1.728,0.000,0.000,0.000,0.000
760,-0.098,0.000,1.496,1.728,0.000,0.000,0.000,0.000
761,-0.098,0.000,1.496,1.728,0.000,0.000,0.000,0.000
762,-0.098,0.000,1.498,1.726,0.000,0.000,0.000,0.000
763,-0.098,0.000,1.496,1.726,0.000,0.000,0.000,0.000
764,-0.100,0.000,1.496,1.726,0.000,0.000,0.000,0.000
765,-0.100,0.000,1.496,1.728,0.000,0.000,0.000,0.000
766,-0.100,0.000,1.496,1.728,0.000,0.000,0.000,0.000
767,-0.100,0.000,1.500,1.726,0.000,0.000,0.000,0.000
768,-0.102,0.000,1.498,1.726,0.000,0.000,0.000,0.000
769,-0.102,0.000,1.498,1.726,0.000,0.000,0.000,0.000
770,-0.102,0.002,1.494,1.724,0.000,0.000,0.000,0.000
771,-0.102,0.000,1.496,1.726,0.000,0.000,0.000,0.000
772,-0.102,0.000,1.496,1.726,0.000,0.000,0.000,0.000
773,-0.102,0.000,1.496,1.726,0.000,0.000,0.000,0.000
774,-0.102,0.002,1.496,1.726,0.000,0.000,0.000,0.000
775,-0.102,0.000,1.498,1.726,0.000,0.000,0.000,0.000
776,-0.102,0.000,1.496,1.726,0.000,0.000,0.000,0.000
777,-0.102,0.000,1.496,1.726,0.000,0.000,0.000,0.000
778,-0.102,0.000,1.496,1.728,0.000,0.000,0.000,0.000
779,-0.104,0.002,1.498,1.726,0.000,0.000,0.000,0.000
780,-0.102,0.002,1.498,1.728,0.000,0.000,0.000,0.000
781,-0.104,0.000,1.498,1.726,0.000,0.000,0.000,0.000
782,-0.104,0.000,1.496,1.726,0.000,0.000,0.000,0.000
783,-0.104,0.000,1.496,1.728,0.000,0.000,0.000,0.000
784,-0.104,0.000,1.494,1.726,0.000,0.000,0.000,0.000
785,-0.102,0.000,1.494,1.728,0.000,0.000,0.000,0.000
786,-0.104,0.000,1.506,1.726,0.000,0.000,0.000,0.000
787,-0.106,0.000,1.496,1.726,0.000,0.000,0.000,0.000
788,-0.106,0.000,1.498,1.728,0.000,0.000,0.000,0.000
789,-0.104,0.000,1.496,1.726,0.000,0.000,0.000,0.000
790,-0.106,0.000,1.496,1.728,0.000,0.000,0.000,0.000
791,-0.106,0.000,1.496,1.726,0.000,0.000,0.000,0.000
792,-0.106,0.000,1.496,1.726,0.000,0.000,0.000,0.000
793,-0.106,0.000,1.496,1.726,0.000,0.000,0.000,0.000
794,-0.106,0.000,1.496,1.728,0.000,0.000,0.000,0.000
795,-0.106,0.000,1.496,1.726,0.000,0.000,0.000,0.000
796,-0.106,-0.002,1.498,1.726,0.000,0.000,0.000,0.000
797,-0.106,0.000,1.496,1.726,0.000,0.000,0.000,0.000
798,-0.106,0.000,1.498,1.724,0.000,0.000,0.000,0.000
799,-0.106,0.000,1.496,1.726,0.000,0.000,0.000,0.000
800,-0.106,0.002,1.498,1.732,0.000,0.000,0.000,0.000
801,-0.108,0.000,1.494,1.726,0.000,0.000,0.000,0.000
802,-0.108,0.000,1.496,1.726,0.000,0.000,0.000,0.000
803,-0.108,0.000,1.496,1.726,0.000,0.000,0.000,0.000
804,-0.108,0.000,1.496,1.724,0.000,0.000,0.000,0.000
805,-0.108,0.000,1.496,1.728,0.000,0.000,0.000,0.000
806,-0.108,0.000,1.496,1.724,0.000,0.000,0.000,0.000
807,-0.108,0.002,1.496,1.726,0.000,0.000,0.000,0.000
808,-0.108,0.000,1.498,1.726,0.000,0.000,0.000,0.000
809,-0.110,0.000,1.502,1.726,0.000,0.000,0.000,0.000
810,-0.110,0.000,1.502,1.728,0.000,0.000,0.000,0.000
811,-0.110,0.000,1.496,1.726,0.000,0.000,0.000,0.000
812,-0.110,0.000,1.496,1.726,0.000,0.000,0.000,0.000
813,-0.110,0.000,1.496,1.726,0.000,0.000,0.000,0.000
814,-0.110,0.000,1.498,1.728,0.000,0.000,0.000,0.000
815,-0.110,0.000,1.498,1.728,0.000,0.000,0.000,0.000
816,-0.108,0.000,1.500,1.726,0.000,0.000,0.000,0.000
817,-0.110,0.000,1.496,1.728,0.000,0.000,0.000,0.000
818,-0.110,0.000,1.496,1.726,0.000,0.000,0.000,0.000
819,-0.112,0.000,1.496,1.728,0.000,0.000,0.000,0.000
820,-0.110,0.000,1.496,1.726,0.000,0.000,0.000,0.000
821,-0.110,0.000,1.496,1.728,0.000,0.000,0.000,0.000
822,-0.110,0.002,1.498,1.726,0.000,0.000,0.000,0.000
823,-0.112,0.000,1.496,1.728,0.000,0.000,0.000,0.000
824,-0.110,0.000,1.498,1.726,0.000,0.000,0.000,0.000
825,-0.112,0.000,1.496,1.726,0.000,0.000,0.000,0.000
826,-0.112,0.000,1.498,1.726,0.000,0.000,0.000,0.000
827,-0.112,0.000,1.498,1.728,0.000,0.000,0.000,0.000
828,-0.112,0.000,1.500,1.726,0.000,0.000,0.000,0.000
829,-0.112,0.000,1.496,1.728,0.000,0.000,0.000,0.000
830,-0.112,0.002,1.496,1.728,0.000,0.000,0.000,0.000
831,-0.110,0.002,1.494,1.726,0.000,0.000,0.000,0.000
832,-0.110,0.002,1.498,1.726,0.000,0.000,0.000,0.000
833,-0.112,0.000,1.496,1.726,0.000,0.000,0.000,0.000
834,-0.112,0.002,1.496,1.726,0.000,0.000,0.000,0.000
835,-0.110,0.002,1.498,1.726,0.000,0.000,0.000,0.000
836,-0.112,0.000,1.498,1.726,0.000,0.000,0.000,0.000
837,-0.112,0.000,1.496,1.728,0.000,0.000,0.000,0.000
838,-0.110,0.000,1.498,1.726,0.000,0.000,0.000,0.000
839,-0.110,0.002,1.496,1.726,0.000,0.000,0.000,0.000
840,-0.110,0.002,1.496,1.726,0.000,0.000,0.000,0.000
841,-0.110,0.000,1.496,1.726,0.000,0.000,0.000,0.000
842,-0.112,0.002,1.496,1.726,0.000,0.000,0.000,0.000
843,-0.112,0.002,1.494,1.726,0.000,0.000,0.000,0.000
844,-0.112,0.002,1.496,1.728,0.000,0.000,0.000,0.000
845,-0.108,0.002,1.498,1.726,0.000,0.000,0.000,0.000
846,-0.110,0.000,1.498,1.726,0.000,0.000,0.000,0.000
847,-0.110,0.002,1.498,1.726,0.000,0.000,0.000,0.000
848,-0.110,0.000,1.496,1.728,0.000,0.000,0.000,0.000
849,-0.110,0.002,1.498,1.728,0.000,0.000,0.000,0.000
850,-0.110,0.002,1.498,1.728,0.000,0.000,0.000,0.000
851,-0.110,0.002,1.496,1.726,0.000,0.000,0.000,0.000
852,-0.110,0.002,1.496,1.728,0.000,0.000,0.000,0.000
853,-0.112,0.002,1.494,1.728,0.000,0.000,0.000,0.000
854,-0.110,0.002,1.498,1.726,0.000,0.000,0.000,0.000
855,-0.110,0.002,1.496,1.724,0.000,0.000,0.000,0.000
856,-0.108,0.000,1.494,1.728,0.000,0.000,0.000,0.000
857,-0.108,0.002,1.496,1.728,0.000,0.000,0.000,0.000
858,-0.108,0.002,1.496,1.726,0.000,0.000,0.000,0.000
859,-0.108,0.002,1.496,1.728,0.000,0.000,0.000,0.000
860,-0.108,0.002,1.496,1.726,0.000,0.000,0.000,0.000
861,-0.108,0.002,1.496,1.726,0.000,0.000,0.000,0.000
862,-0.108,0.000,1.498,1.726,0.000,0.000,0.000,0.000
863,-0.108,0.000,1.496,1.728,0.000,0.000,0.000,0.000
864,-0.108,0.000,1.496,1.728,0.000,0.000,0.000,0.000
865,-0.108,0.000,1.494,1.726,0.000,0.000,0.000,0.000
866,-0.108,0.000,1.498,1.726,0.000,0.000,0.000,0.000
867,-0.108,0.002,1.496,1.724,0.000,0.000,0.000,0.000
868,-0.108,0.002,1.496,1.728,0.000,0.000,0.000,0.000
869,-0.108,0.002,1.496,1.726,0.000,0.000,0.000,0.000
870,-0.108,0.002,1.496,1.728,0.000,0.000,0.000,0.000
871,-0.106,0.002,1.498,1.728,0.000,0.000,0.000,0.000
872,-0.108,0.002,1.496,1.728,0.000,0.000,0.000,0.000
873,-0.106,0.000,1.494,1.728,0.000,0.000,0.000,0.000
874,-0.108,0.000,1.496,1.726,0.000,0.000,0.000,0.000
875,-0.106,0.000,1.496,1.726,0.000,0.000,0.000,0.000
876,-0.106,0.000,1.496,1.726,0.000,0.000,0.000,0.000
877,-0.106,0.002,1.496,1.726,0.000,0.000,0.000,0.000
878,-0.108,0.002,1.496,1.728,0.000,0.000,0.000,0.000
879,-0.108,0.000,1.496,1.726,0.000,0.000,0.000,0.000
880,-0.108,0.000,1.498,1.728,0.000,0.000,0.000,0.000
881,-0.106,0.000,1.496,1.728,0.000,0.000,0.000,0.000
882,-0.106,0.000,1.494,1.728,0.000,0.000,0.000,0.000
883,-0.106,0.002,1.498,1.726,0.000,0.000,0.000,0.000
884,-0.108,0.002,1.494,1.726,0.000,0.000,0.000,0.000
885,-0.108,0.000,1.496,1.726,0.000,0.000,0.000,0.000
886,-0.108,0.000,1.496,1.728,0.000,0.000,0.000,0.000
887,-0.106,0.002,1.496,1.726,0.000,0.000,0.000,0.000
888,-0.106,0.002,1.496,1.728,0.000,0.000,0.000,0.000
889,-0.106,0.000,1.496,1.728,0.000,0.000,0.000,0.000
890,-0.106,0.002,1.496,1.726,0.000,0.000,0.000,0.000
891,-0.108,0.004,1.496,1.726,0.000,0.000,0.000,0.000
892,-0.108,0.000,1.496,1.726,0.000,0.000,0.000,0.000
893,-0.106,0.000,1.500,1.726,0.000,0.000,0.000,0.000
894,-0.108,0.002,1.496,1.728,0.000,0.000,0.000,0.000
895,-0.102,0.002,1.496,1.726,0.000,0.000,0.000,0.000
896,-0.102,0.002,1.498,1.728,0.000,0.000,0.000,0.000
897,-0.106,0.002,1.496,1.728,0.000,0.000,0.000,0.000
898,-0.106,0.002,1.496,1.728,0.000,0.000,0.000,0.000
899,-0.106,0.002,1.496,1.726,0.000,0.000,0.000,0.000
900,-0.104,0.000,1.496,1.726,0.000,0.000,0.000,0.000
901,-0.106,0.000,1.498,1.726,0.000,0.000,0.000,0.000
902,-0.104,0.000,1.496,1.726,0.000,0.000,0.000,0.000
903,-0.106,0.002,1.492,1.726,0.000,0.000,0.000,0.000
904,-0.106,0.002,1.498,1.726,0.000,0.000,0.000,0.000
905,-0.106,0.000,1.496,1.728,0.000,0.000,0.000,0.000
906,-0.104,0.000,1.498,1.726,0.000,0.000,0.000,0.000
907,-0.104,0.002,1.496,1.726,0.000,0.000,0.000,0.000
908,-0.104,0.000,1.498,1.726,0.000,0.000,0.000,0.000
909,-0.104,0.000,1.498,1.726,0.000,0.000,0.000,0.000
910,-0.106,0.000,1.498,1.726,0.000,0.000,0.000,0.000
911,-0.106,0.002,1.496,1.726,0.000,0.000,0.000,0.000
912,-0.106,0.000,1.496,1.726,0.000,0.000,0.000,0.000
913,-0.106,0.002,1.496,1.726,0.000,0.000,0.000,0.000
914,-0.106,0.000,1.496,1.728,0.000,0.000,0.000,0.000
915,-0.104,0.000,1.492,1.726,0.000,0.000,0.000,0.000
916,-0.104,0.000,1.504,1.726,0.000,0.000,0.000,0.000
917,-0.106,0.002,1.496,1.726,0.000,0.000,0.000,0.000
918,-0.106,0.000,1.492,1.728,0.000,0.000,0.000,0.000
919,-0.104,0.000,1.498,1.726,0.000,0.000,0.000,0.000
920,-0.106,0.000,1.496,1.726,0.000,0.000,0.000,0.000
921,-0.104,0.002,1.496,1.728,0.000,0.000,0.000,0.000
922,-0.106,0.002,1.496,1.728,0.000,0.000,0.000,0.000
923,-0.104,0.002,1.496,1.726,0.000,0.000,0.000,0.000
924,-0.104,0.002,1.494,1.726,0.000,0.000,0.000,0.000
925,-0.104,0.002,1.496,1.728,0.000,0.000,0.000,0.000
926,-0.104,0.002,1.496,1.726,0.000,0.000,0.000,0.000
927,-0.104,0.002,1.498,1.726,0.000,0.000,0.000,0.000
928,-0.104,0.000,1.498,1.728,0.000,0.000,0.000,0.000
929,-0.104,0.002,1.496,1.726,0.000,0.000,0.000,0.000
930,-0.102,0.002,1.498,1.726,0.000,0.000,0.000,0.000
931,-0.104,0.000,1.496,1.726,0.000,0.000,0.000,0.000
932,-0.104,0.002,1.496,1.726,0.000,0.000,0.000,0.000
933,-0.104,0.002,1.498,1.726,0.000,0.000,0.000,0.000
934,-0.102,0.002,1.494,1.728,0.000,0.000,0.000,0.000
935,-0.104,0.006,1.498,1.728,0.000,0.000,0.000,0.000
936,-0.104,0.000,1.498,1.724,0.000,0.000,0.000,0.000
937,-0.104,0.004,1.496,1.726,0.000,0.000,0.000,0.000
938,-0.102,0.002,1.496,1.728,0.000,0.000,0.000,0.000
939,-0.102,0.002,1.492,1.726,0.000,0.000,0.000,0.000
940,-0.104,0.000,1.498,1.728,0.000,0.000,0.000,0.000
941,-0.102,0.002,1.496,1.728,0.000,0.000,0.000,0.000
942,-0.104,0.002,1.496,1.726,0.000,0.000,0.000,0.000
943,-0.102,0.000,1.496,1.728,0.000,0.000,0.000,0.000
944,-0.102,0.002,1.496,1.726,0.000,0.000,0.000,0.000
945,-0.102,0.002,1.496,1.726,0.000,0.000,0.000,0.000
946,-0.102,0.002,1.494,1.728,0.000,0.000,0.000,0.000
947,-0.102,0.000,1.496,1.726,0.000,0.000,0.000,0.000
948,-0.102,0.000,1.496,1.726,0.000,0.000,0.000,0.000
949,-0.100,0.002,1.496,1.728,0.000,0.000,0.000,0.000
950,-0.102,0.002,1.496,1.728,0.000,0.000,0.000,0.000
951,-0.102,0.002,1.494,1.728,0.000,0.000,0.000,0.000
952,-0.100,0.002,1.498,1.726,0.000,0.000,0.000,0.000
953,-0.100,0.002,1.500,1.726,0.000,0.000,0.000,0.000
954,-0.100,0.004,1.500,1.728,0.000,0.000,0.000,0.000
955,-0.100,0.002,1.496,1.726,0.000,0.000,0.000,0.000
956,-0.100,0.000,1.498,1.726,0.000,0.000,0.000,0.000
957,-0.100,0.002,1.496,1.726,0.000,0.000,0.000,0.000
958,-0.102,0.000,1.498,1.728,0.000,0.000,0.000,0.000
959,-0.098,0.002,1.498,1.728,0.000,0.000,0.000,0.000
960,-0.100,0.002,1.496,1.726,0.000,0.000,0.000,0.000
961,-0.100,0.002,1.496,1.728,0.000,0.000,0.000,0.000
962,-0.098,0.000,1.496,1.728,0.000,0.000,0.000,0.000
963,-0.100,0.000,1.498,1.726,0.000,0.000,0.000,0.000
964,-0.100,0.000,1.496,1.728,0.000,0.000,0.000,0.000
965,-0.100,0.002,1.496,1.728,0.000,0.000,0.000,0.000
966,-0.098,0.002,1.496,1.726,0.000,0.000,0.000,0.000
967,-0.098,0.000,1.496,1.726,0.000,0.000,0.000,0.000
968,-0.098,0.002,1.494,1.726,0.000,0.000,0.000,0.000
969,-0.098,0.002,1.496,1.728,0.000,0.000,0.000,0.000
970,-0.098,0.002,1.496,1.726,0.000,0.000,0.000,0.000
971,-0.100,0.002,1.496,1.728,0.000,0.000,0.000,0.000
972,-0.098,0.006,1.496,1.728,0.000,0.000,0.000,0.000
973,-0.098,0.002,1.496,1.726,0.000,0.000,0.000,0.000
974,-0.098,0.004,1.498,1.726,0.000,0.000,0.000,0.000
975,-0.098,0.002,1.496,1.728,0.000,0.000,0.000,0.000
976,-0.098,0.002,1.498,1.726,0.000,0.000,0.000,0.000
977,-0.098,0.002,1.498,1.728,0.000,0.000,0.000,0.000
978,-0.098,0.002,1.496,1.724,0.000,0.000,0.000,0.000
979,-0.098,0.002,1.496,1.728,0.000,0.000,0.000,0.000
980,-0.098,0.000,1.496,1.726,0.000,0.000,0.000,0.000
981,-0.098,0.002,1.496,1.728,0.000,0.000,0.000,0.000
982,-0.096,0.004,1.496,1.726,0.000,0.000,0.000,0.000
983,-0.098,0.000,1.494,1.724,0.000,0.000,0.000,0.000
984,-0.098,0.002,1.496,1.724,0.000,0.000,0.000,0.000
985,-0.098,0.000,1.498,1.726,0.000,0.000,0.000,0.000
986,-0.098,0.000,1.496,1.726,0.000,0.000,0.000,0.000
987,-0.098,0.002,1.498,1.728,0.000,0.000,0.000,0.000
988,-0.098,0.000,1.504,1.726,0.000,0.000,0.000,0.000
989,-0.098,0.000,1.496,1.726,0.000,0.000,0.000,0.000
990,-0.098,0.000,1.496,1.726,0.000,0.000,0.000,0.000
991,-0.098,0.000,1.496,1.728,0.000,0.000,0.000,0.000
992,-0.096,0.002,1.496,1.728,0.000,0.000,0.000,0.000
993,-0.096,0.002,1.500,1.726,0.000,0.000,0.000,0.000
994,-0.096,0.002,1.504,1.728,0.000,0.000,0.000,0.000
995,-0.096,0.002,1.498,1.728,0.000,0.000,0.000,0.000
996,-0.096,0.004,1.496,1.726,0.000,0.000,0.000,0.000
997,-0.096,0.002,1.496,1.722,0.000,0.000,0.000,0.000
998,-0.096,0.002,1.496,1.726,0.000,0.000,0.000,0.000
999,-0.096,0.000,1.494,1.726,0.000,0.000,0.000,0.000
1000,-0.096,0.000,1.496,1.728,0.000,0.000,0.000,0.000
1001,-0.098,0.002,1.496,1.728,0.000,0.000,0.000,0.000
1002,-0.096,0.002,1.500,1.724,0.000,0.000,0.000,0.000
1003,-0.096,0.002,1.496,1.726,0.000,0.000,0.000,0.000
1004,-0.096,0.002,1.498,1.726,0.000,0.000,0.000,0.000
1005,-0.098,0.002,1.496,1.728,0.000,0.000,0.000,0.000
1006,-0.098,0.002,1.496,1.726,0.000,0.000,0.000,0.000
1007,-0.098,0.002,1.498,1.726,0.000,0.000,0.000,0.000
1008,-0.096,0.002,1.496,1.724,0.000,0.000,0.000,0.000
1009,-0.094,0.000,1.498,1.726,0.000,0.000,0.000,0.000
1010,-0.094,0.002,1.496,1.726,0.000,0.000,0.000,0.000
1011,-0.096,0.002,1.496,1.728,0.000,0.000,0.000,0.000
1012,-0.096,0.002,1.496,1.726,0.000,0.000,0.000,0.000
1013,-0.096,0.000,1.496,1.726,0.000,0.000,0.000,0.000
1014,-0.096,0.002,1.496,1.726,0.000,0.000,0.000,0.000
1015,-0.094,0.000,1.496,1.724,0.000,0.000,0.000,0.000
1016,-0.096,0.002,1.494,1.728,0.000,0.000,0.000,0.000
1017,-0.096,0.000,1.496,1.728,0.000,0.000,0.000,0.000
1018,-0.094,0.002,1.496,1.726,0.000,0.000,0.000,0.000
1019,-0.096,0.002,1.496,1.726,0.000,0.000,0.000,0.000
1020,-0.094,0.002,1.498,1.728,0.000,0.000,0.000,0.000
1021,-0.096,0.000,1.496,1.728,0.000,0.000,0.000,0.000
1022,-0.096,0.000,1.496,1.728,0.000,0.000,0.000,0.000
1023,-0.094,0.000,1.498,1.728,0.000,0.000,0.000,0.000
1024,-0.096,0.002,1.496,1.726,0.000,0.000,0.000,0.000
1025,-0.094,0.000,1.498,1.728,0.000,0.000,0.000,0.000
1026,-0.096,0.002,1.496,1.728,0.000,0.000,0.000,0.000
1027,-0.094,0.000,1.496,1.728,0.000,0.000,0.000,0.000
1028,-0.096,0.000,1.500,1.726,0.000,0.000,0.000,0.000
1029,-0.094,0.002,1.496,1.724,0.000,0.000,0.000,0.000
1030,-0.094,0.000,1.498,1.726,0.000,0.000,0.000,0.000
1031,-0.096,0.000,1.496,1.728,0.000,0.000,0.000,0.000
1032,-0.094,0.002,1.496,1.726,0.000,0.000,0.000,0.000
1033,-0.094,0.002,1.496,1.726,0.000,0.000,0.000,0.000
1034,-0.094,0.002,1.496,1.726,0.000,0.000,0.000,0.000
1035,-0.096,0.004,1.496,1.728,0.000,0.000,0.000,0.000
1036,-0.094,0.000,1.496,1.728,0.000,0.000,0.000,0.000
1037,-0.094,0.000,1.498,1.728,0.000,0.000,0.000,0.000
1038,-0.094,0.000,1.498,1.726,0.000,0.000,0.000,0.000
1039,-0.096,0.002,1.496,1.728,0.000,0.000,0.000,0.000
1040,-0.094,0.002,1.494,1.726,0.000,0.000,0.000,0.000
1041,-0.094,0.004,1.496,1.726,0.000,0.000,0.000,0.000
1042,-0.094,0.000,1.498,1.726,0.000,0.000,0.000,0.000
1043,-0.094,0.002,1.498,1.726,0.000,0.000,0.000,0.000
1044,-0.094,0.000,1.498,1.726,0.000,0.000,0.000,0.000
1045,-0.096,0.002,1.498,1.724,0.000,0.000,0.000,0.000
1046,-0.094,0.002,1.496,1.728,0.000,0.000,0.000,0.000
1047,-0.096,0.000,1.498,1.726,0.000,0.000,0.000,0.000
1048,-0.096,0.000,1.496,1.728,0.000,0.000,0.000,0.000
1049,-0.096,0.000,1.496,1.728,0.000,0.000,0.000,0.000
1050,-0.096,0.000,1.498,1.726,0.000,0.000,0.000,0.000
1051,-0.094,0.000,1.496,1.726,0.000,0.000,0.000,0.000
1052,-0.096,0.000,1.498,1.728,0.000,0.000,0.000,0.000
1053,-0.096,0.002,1.496,1.728,0.000,0.000,0.000,0.000
1054,-0.096,0.000,1.496,1.726,0.000,0.000,0.000,0.000
1055,-0.094,0.000,1.498,1.728,0.000,0.000,0.000,0.000
1056,-0.094,0.000,1.496,1.728,0.000,0.000,0.000,0.000
1057,-0.094,0.000,1.496,1.726,0.000,0.000,0.000,0.000
1058,-0.094,0.000,1.496,1.726,0.000,0.000,0.000,0.000
1059,-0.096,0.000,1.496,1.728,0.000,0.000,0.000,0.000
1060,-0.096,0.000,1.496,1.730,0.000,0.000,0.000,0.000
1061,-0.096,0.000,1.498,1.728,0.000,0.000,0.000,0.000
1062,-0.096,0.000,1.496,1.726,0.000,0.000,0.000,0.000
1063,-0.094,0.002,1.496,1.728,0.000,0.000,0.000,0.000
1064,-0.096,0.000,1.496,1.728,0.000,0.000,0.000,0.000
1065,-0.094,0.002,1.496,1.728,0.000,0.000,0.000,0.000
1066,-0.094,0.002,1.496,1.726,0.000,0.000,0.000,0.000
1067,-0.094,0.008,1.498,1.726,0.000,0.000,0.000,0.000
1068,-0.094,0.000,1.496,1.726,0.000,0.000,0.000,0.000
1069,-0.094,0.002,1.498,1.728,0.000,0.000,0.000,0.000
1070,-0.094,0.000,1.498,1.728,0.000,0.000,0.000,0.000
1071,-0.094,0.000,1.496,1.726,0.000,0.000,0.000,0.000
1072,-0.094,0.000,1.498,1.726,0.000,0.000,0.000,0.000
1073,-0.094,0.002,1.496,1.728,0.000,0.000,0.000,0.000
1074,-0.094,0.000,1.496,1.728,0.000,0.000,0.000,0.000
1075,-0.094,0.002,1.496,1.726,0.000,0.000,0.000,0.000
1076,-0.094,0.002,1.498,1.726,0.000,0.000,0.000,0.000
1077,-0.094,0.000,1.496,1.726,0.000,0.000,0.000,0.000
1078,-0.094,0.002,1.496,1.726,0.000,0.000,0.000,0.000
1079,-0.094,0.002,1.496,1.728,0.000,0.000,0.000,0.000
1080,-0.094,0.002,1.496,1.726,0.000,0.000,0.000,0.000
1081,-0.094,0.002,1.496,1.726,0.000,0.000,0.000,0.000
1082,-0.094,0.002,1.498,1.728,0.000,0.000,0.000,0.000
1083,-0.092,0.002,1.496,1.726,0.000,0.000,0.000,0.000
1084,-0.092,0.000,1.496,1.726,0.000,0.000,0.000,0.000
1085,-0.092,0.002,1.496,1.726,0.000,0.000,0.000,0.000
1086,-0.092,0.002,1.496,1.726,0.000,0.000,0.000,0.000
1087,-0.092,0.002,1.498,1.726,0.000,0.000,0.000,0.000
1088,-0.094,0.000,1.496,1.726,0.000,0.000,0.000,0.000
1089,-0.092,0.002,1.498,1.726,0.000,0.000,0.000,0.000
1090,-0.092,0.002,1.496,1.724,0.000,0.000,0.000,0.000
1091,-0.094,0.000,1.496,1.728,0.000,0.000,0.000,0.000
1092,-0.092,0.002,1.496,1.724,0.000,0.000,0.000,0.000
1093,-0.098,0.002,1.496,1.728,0.000,0.000,0.000,0.000
1094,-0.092,0.002,1.496,1.726,0.000,0.000,0.000,0.000
1095,-0.092,0.002,1.496,1.726,0.000,0.000,0.000,0.000
1096,-0.092,0.002,1.496,1.724,0.000,0.000,0.000,0.000
1097,-0.092,0.002,1.498,1.726,0.000,0.000,0.000,0.000
1098,-0.092,0.002,1.496,1.722,0.000,0.000,0.000,0.000
1099,-0.092,0.000,1.496,1.726,0.000,0.000,0.000,0.000
1100,-0.092,0.002,1.496,1.726,0.000,0.000,0.000,0.000
1101,-0.092,0.002,1.496,1.726,0.000,0.000,0.000,0.000
1102,-0.092,0.002,1.498,1.726,0.000,0.000,0.000,0.000
1103,-0.092,0.002,1.498,1.726,0.000,0.000,0.000,0.000
1104,-0.092,0.000,1.496,1.726,0.000,0.000,0.000,0.000
1105,-0.092,0.000,1.498,1.726,0.000,0.000,0.000,0.000
1106,-0.092,0.000,1.496,1.728,0.000,0.000,0.000,0.000
1107,-0.092,0.002,1.494,1.728,0.000,0.000,0.000,0.000
1108,-0.092,-0.002,1.496,1.726,0.000,0.000,0.000,0.000
1109,-0.092,0.002,1.496,1.726,0.000,0.000,0.000,0.000
1110,-0.092,0.002,1.498,1.728,0.000,0.000,0.000,0.000
1111,-0.092,0.002,1.498,1.726,0.000,0.000,0.000,0.000
1112,-0.092,0.002,1.498,1.726,0.000,0.000,0.000,0.000
1113,-0.092,0.002,1.496,1.728,0.000,0.000,0.000,0.000
1114,-0.092,0.000,1.496,1.728,0.000,0.000,0.000,0.000
1115,-0.092,0.002,1.496,1.726,0.000,0.000,0.000,0.000
1116,-0.092,-0.002,1.496,1.726,0.000,0.000,0.000,0.000
1117,-0.092,0.002,1.496,1.726,0.000,0.000,0.000,0.000
1118,-0.092,0.000,1.496,1.726,0.000,0.000,0.000,0.000
1119,-0.092,0.000,1.496,1.728,0.000,0.000,0.000,0.000
1120,-0.092,0.002,1.498,1.726,0.000,0.000,0.000,0.000
1121,-0.092,0.002,1.498,1.726,0.000,0.000,0.000,0.000
1122,-0.092,0.000,1.498,1.728,0.000,0.000,0.000,0.000
1123,-0.092,0.000,1.498,1.726,0.000,0.000,0.000,0.000
1124,-0.092,0.000,1.496,1.728,0.000,0.000,0.000,0.000
1125,-0.092,0.000,1.496,1.726,0.000,0.000,0.000,0.000
1126,-0.088,0.002,1.496,1.724,0.000,0.000,0.000,0.000
1127,-0.094,0.000,1.496,1.728,0.000,0.000,0.000,0.000
1128,-0.092,0.000,1.496,1.730,0.000,0.000,0.000,0.000
1129,-0.092,0.000,1.496,1.730,0.000,0.000,0.000,0.000
1130,-0.092,0.000,1.496,1.728,0.000,0.000,0.000,0.000
1131,-0.092,0.000,1.498,1.728,0.000,0.000,0.000,0.000
1132,-0.092,0.000,1.498,1.726,0.000,0.000,0.000,0.000
1133,-0.092,0.000,1.498,1.728,0.000,0.000,0.000,0.000
1134,-0.092,0.002,1.496,1.726,0.000,0.000,0.000,0.000
1135,-0.092,0.002,1.496,1.726,0.000,0.000,0.000,0.000
1136,-0.092,0.002,1.496,1.728,0.000,0.000,0.000,0.000
1137,-0.092,0.002,1.498,1.726,0.000,0.000,0.000,0.000
1138,-0.092,0.002,1.498,1.728,0.000,0.000,0.000,0.000
1139,-0.092,0.002,1.498,1.726,0.000,0.000,0.000,0.000
1140,-0.092,0.000,1.494,1.726,0.000,0.000,0.000,0.000
1141,-0.092,-0.002,1.496,1.726,0.000,0.000,0.000,0.000
1142,-0.092,0.002,1.498,1.726,0.000,0.000,0.000,0.000
1143,-0.092,0.002,1.496,1.728,0.000,0.000,0.000,0.000
1144,-0.092,0.002,1.498,1.728,0.000,0.000,0.000,0.000
1145,-0.092,0.000,1.494,1.728,0.000,0.000,0.000,0.000
1146,-0.086,0.002,1.496,1.726,0.000,0.000,0.000,0.000
1147,-0.092,0.002,1.496,1.726,0.000,0.000,0.000,0.000
1148,-0.092,0.002,1.496,1.726,0.000,0.000,0.000,0.000
1149,-0.092,0.000,1.496,1.728,0.000,0.000,0.000,0.000
1150,-0.092,0.000,1.496,1.726,0.000,0.000,0.000,0.000
1151,-0.092,0.000,1.496,1.726,0.000,0.000,0.000,0.000
1152,-0.090,0.002,1.496,1.726,0.000,0.000,0.000,0.000
1153,-0.090,0.000,1.498,1.728,0.000,0.000,0.000,0.000
1154,-0.092,0.000,1.496,1.728,0.000,0.000,0.000,0.000
1155,-0.092,0.000,1.498,1.728,0.000,0.000,0.000,0.000
1156,-0.092,0.002,1.496,1.726,0.000,0.000,0.000,0.000
1157,-0.092,0.002,1.498,1.724,0.000,0.000,0.000,0.000
1158,-0.092,0.000,1.498,1.726,0.000,0.000,0.000,0.000
1159,-0.092,0.002,1.496,1.728,0.000,0.000,0.000,0.000
1160,-0.090,0.002,1.496,1.724,0.000,0.000,0.000,0.000
1161,-0.092,0.000,1.496,1.728,0.000,0.000,0.000,0.000
1162,-0.092,0.000,1.498,1.728,0.000,0.000,0.000,0.000
1163,-0.090,0.002,1.496,1.728,0.000,0.000,0.000,0.000
1164,-0.092,0.000,1.496,1.726,0.000,0.000,0.000,0.000
1165,-0.092,0.002,1.498,1.728,0.000,0.000,0.000,0.000
1166,-0.090,0.002,1.496,1.724,0.000,0.000,0.000,0.000
1167,-0.090,0.002,1.496,1.724,0.000,0.000,0.000,0.000
1168,-0.090,0.000,1.498,1.728,0.000,0.000,0.000,0.000
1169,-0.092,0.002,1.498,1.726,0.000,0.000,0.000,0.000
1170,-0.090,0.000,1.498,1.726,0.000,0.000,0.000,0.000
1171,-0.090,0.000,1.498,1.728,0.000,0.000,0.000,0.000
1172,-0.090,0.002,1.496,1.726,0.000,0.000,0.000,0.000
1173,-0.092,0.002,1.498,1.724,0.000,0.000,0.000,0.000
1174,-0.090,0.000,1.496,1.728,0.000,0.000,0.000,0.000
1175,-0.090,0.004,1.496,1.728,0.000,0.000,0.000,0.000
1176,-0.090,0.000,1.498,1.724,0.000,0.000,0.000,0.000
1177,-0.092,0.000,1.496,1.724,0.000,0.000,0.000,0.000
1178,-0.092,0.002,1.496,1.728,0.000,0.000,0.000,0.000
1179,-0.092,0.000,1.498,1.732,0.000,0.000,0.000,0.000
1180,-0.092,0.002,1.496,1.728,0.000,0.000,0.000,0.000
1181,-0.092,0.002,1.498,1.726,0.000,0.000,0.000,0.000
1182,-0.090,0.002,1.496,1.728,0.000,0.000,0.000,0.000
1183,-0.090,0.002,1.496,1.726,0.000,0.000,0.000,0.000
1184,-0.092,0.000,1.498,1.728,0.000,0.000,0.000,0.000
1185,-0.090,0.000,1.496,1.728,0.000,0.000,0.000,0.000
1186,-0.090,0.002,1.498,1.728,0.000,0.000,0.000,0.000
1187,-0.092,0.002,1.496,1.728,0.000,0.000,0.000,0.000
1188,-0.090,0.002,1.496,1.726,0.000,0.000,0.000,0.000
1189,-0.092,0.000,1.498,1.726,0.000,0.000,0.000,0.000
1190,-0.090,0.000,1.496,1.728,0.000,0.000,0.000,0.000
1191,-0.090,0.002,1.494,1.726,0.000,0.000,0.000,0.000
1192,-0.090,0.000,1.496,1.728,0.000,0.000,0.000,0.000
1193,-0.088,0.000,1.498,1.726,0.000,0.000,0.000,0.000
1194,-0.090,0.002,1.496,1.726,0.000,0.000,0.000,0.000
1195,-0.090,0.000,1.498,1.728,0.000,0.000,0.000,0.000
1196,-0.090,0.002,1.496,1.726,0.000,0.000,0.000,0.000
1197,-0.090,0.002,1.496,1.728,0.000,0.000,0.000,0.000
1198,-0.092,0.000,1.494,1.728,0.000,0.000,0.000,0.000
1199,-0.092,0.000,1.496,1.724,0.000,0.000,0.000,0.000
1200,-0.092,0.000,1.496,1.726,0.000,0.000,0.000,0.000
1201,-0.092,0.000,1.496,1.726,0.000,0.000,0.000,0.000
1202,-0.092,0.002,1.498,1.728,0.000,0.000,0.000,0.000
1203,-0.092,0.000,1.496,1.728,0.000,0.000,0.000,0.000
1204,-0.090,0.000,1.498,1.726,0.000,0.000,0.000,0.000
1205,-0.090,0.002,1.498,1.728,0.000,0.000,0.000,0.000
1206,-0.092,0.002,1.494,1.726,0.000,0.000,0.000,0.000
1207,-0.090,0.002,1.496,1.724,0.000,0.000,0.000,0.000
1208,-0.090,0.000,1.498,1.728,0.000,0.000,0.000,0.000
1209,-0.090,0.000,1.496,1.726,0.000,0.000,0.000,0.000
1210,-0.090,0.000,1.498,1.728,0.000,0.000,0.000,0.000
1211,-0.092,0.000,1.498,1.728,0.000,0.000,0.000,0.000
1212,-0.092,0.000,1.496,1.726,0.000,0.000,0.000,0.000
1213,-0.088,0.000,1.496,1.726,0.000,0.000,0.000,0.000
1214,-0.090,0.002,1.496,1.728,0.000,0.000,0.000,0.000
1215,-0.092,0.000,1.496,1.728,0.000,0.000,0.000,0.000
1216,-0.092,0.000,1.498,1.728,0.000,0.000,0.000,0.000
1217,-0.090,0.000,1.498,1.726,0.000,0.000,0.000,0.000
1218,-0.092,0.002,1.496,1.728,0.000,0.000,0.000,0.000
1219,-0.092,0.000,1.498,1.726,0.000,0.000,0.000,0.000
1220,-0.090,0.000,1.496,1.728,0.000,0.000,0.000,0.000
1221,-0.092,0.002,1.494,1.726,0.000,0.000,0.000,0.000
1222,-0.090,0.002,1.496,1.724,0.000,0.000,0.000,0.000
1223,-0.090,0.002,1.496,1.726,0.000,0.000,0.000,0.000
1224,-0.092,0.000,1.496,1.728,0.000,0.000,0.000,0.000
1225,-0.090,0.000,1.496,1.726,0.000,0.000,0.000,0.000
1226,-0.092,0.002,1.496,1.726,0.000,0.000,0.000,0.000
1227,-0.092,0.002,1.498,1.726,0.000,0.000,0.000,0.000
1228,-0.090,0.000,1.498,1.726,0.000,0.000,0.000,0.000
1229,-0.092,0.000,1.496,1.726,0.000,0.000,0.000,0.000
1230,-0.090,0.000,1.496,1.726,0.000,0.000,0.000,0.000
1231,-0.092,0.002,1.498,1.728,0.000,0.000,0.000,0.000
1232,-0.092,0.002,1.496,1.728,0.000,0.000,0.000,0.000
1233,-0.092,0.000,1.496,1.728,0.000,0.000,0.000,0.000
1234,-0.092,0.000,1.496,1.728,0.000,0.000,0.000,0.000
1235,-0.092,0.000,1.496,1.728,0.000,0.000,0.000,0.000
1236,-0.092,0.002,1.496,1.726,0.000,0.000,0.000,0.000
1237,-0.090,0.002,1.498,1.726,0.000,0.000,0.000,0.000
1238,-0.090,0.000,1.498,1.726,0.000,0.000,0.000,0.000
1239,-0.092,0.000,1.496,1.726,0.000,0.000,0.000,0.000
1240,-0.092,0.000,1.496,1.728,0.000,0.000,0.000,0.000
1241,-0.092,0.002,1.496,1.726,0.000,0.000,0.000,0.000
1242,-0.092,0.002,1.496,1.726,0.000,0.000,0.000,0.000
1243,-0.092,0.002,1.498,1.728,0.000,0.000,0.000,0.000
1244,-0.092,0.002,1.498,1.728,0.000,0.000,0.000,0.000
1245,-0.092,0.000,1.498,1.726,0.000,0.000,0.000,0.000
1246,-0.092,0.002,1.496,1.728,0.000,0.000,0.000,0.000
1247,-0.092,0.002,1.496,1.726,0.000,0.000,0.000,0.000
1248,-0.092,0.002,1.496,1.728,0.000,0.000,0.000,0.000
1249,-0.092,0.002,1.496,1.726,0.000,0.000,0.000,0.000
1250,-0.090,0.002,1.496,1.728,0.000,0.000,0.000,0.000
1251,-0.092,0.000,1.498,1.726,0.000,0.000,0.000,0.000
1252,-0.090,0.002,1.496,1.728,0.000,0.000,0.000,0.000
1253,-0.090,0.002,1.496,1.726,0.000,0.000,0.000,0.000
1254,-0.090,0.000,1.496,1.728,0.000,0.000,0.000,0.000
1255,-0.092,0.000,1.496,1.728,0.000,0.000,0.000,0.000
1256,-0.092,0.000,1.496,1.726,0.000,0.000,0.000,0.000
1257,-0.090,0.002,1.494,1.728,0.000,0.000,0.000,0.000
1258,-0.092,0.000,1.496,1.726,0.000,0.000,0.000,0.000
1259,-0.094,0.000,1.498,1.728,0.000,0.000,0.000,0.000
1260,-0.092,0.002,1.496,1.728,0.000,0.000,0.000,0.000
1261,-0.092,0.000,1.496,1.728,0.000,0.000,0.000,0.000
1262,-0.090,0.000,1.498,1.726,0.000,0.000,0.000,0.000
1263,-0.090,0.000,1.496,1.728,0.000,0.000,0.000,0.000
1264,-0.090,0.002,1.498,1.726,0.000,0.000,0.000,0.000
1265,-0.090,0.000,1.496,1.726,0.000,0.000,0.000,0.000
1266,-0.090,0.000,1.496,1.724,0.000,0.000,0.000,0.000
1267,-0.092,0.000,1.496,1.726,0.000,0.000,0.000,0.000
1268,-0.088,0.002,1.498,1.728,0.000,0.000,0.000,0.000
1269,-0.090,0.002,1.496,1.728,0.000,0.000,0.000,0.000
1270,-0.090,0.000,1.498,1.726,0.000,0.000,0.000,0.000
1271,-0.092,0.002,1.496,1.728,0.000,0.000,0.000,0.000
1272,-0.090,0.000,1.496,1.728,0.000,0.000,0.000,0.000
1273,-0.088,0.012,1.496,1.726,0.000,0.000,0.000,0.000
1274,-0.066,0.060,1.496,1.728,0.000,0.000,0.000,0.000
1275,-0.058,0.016,1.496,1.728,0.000,0.000,0.000,0.000
1276,-0.060,0.010,1.498,1.726,0.000,0.000,0.000,0.000
1277,-0.066,-0.010,1.496,1.726,0.000,0.000,0.000,0.000
1278,-0.080,-0.082,1.496,1.726,0.000,0.000,0.000,0.000
1279,-0.590,-1.442,1.496,1.726,0.000,0.000,0.000,0.000
1280,-1.480,-1.284,1.496,1.726,0.000,0.000,0.000,0.000
1281,-1.912,-0.928,1.496,1.726,0.000,0.000,0.000,0.000
1282,-0.300,2.324,1.496,1.726,0.000,0.000,0.000,0.000
1283,-0.016,1.648,1.498,1.726,0.000,0.000,0.000,0.000
1284,0.008,0.538,1.498,1.726,0.000,0.000,0.000,0.000
1285,-0.002,0.148,1.498,1.726,0.000,0.000,0.000,0.000
1286,0.000,0.052,1.496,1.726,0.000,0.000,0.000,0.000
1287,-0.002,0.016,1.498,1.728,0.000,0.000,0.000,0.000
1288,0.000,0.026,1.496,1.726,0.000,0.000,0.000,0.000
1289,0.000,0.006,1.500,1.728,0.000,0.000,0.000,0.000
1290,-0.002,0.000,1.498,1.726,0.000,0.000,0.000,0.000
1291,-0.002,0.002,1.498,1.728,0.000,0.000,0.000,0.000
1292,-0.004,0.008,1.496,1.728,0.000,0.000,0.000,0.000
1293,-0.002,0.006,1.498,1.728,0.000,0.000,0.000,0.000
1294,0.006,0.046,1.496,1.728,0.000,0.000,0.000,0.000
1295,-0.006,-0.016,1.496,1.726,0.000,0.000,0.000,0.000
1296,0.000,0.022,1.498,1.728,0.000,0.000,0.000,0.000
1297,0.002,0.004,1.498,1.728,0.000,0.000,0.000,0.000
1298,0.000,0.002,1.494,1.724,0.000,0.000,0.000,0.000
1299,0.000,0.002,1.498,1.728,0.000,0.000,0.000,0.000
1300,0.000,0.004,1.496,1.724,0.000,0.000,0.000,0.000
1301,0.002,0.002,1.496,1.726,0.000,0.000,0.000,0.000
1302,0.000,0.002,1.496,1.728,0.000,0.000,0.000,0.000
1303,0.000,0.002,1.498,1.726,0.000,0.000,0.000,0.000
1304,0.000,0.002,1.498,1.728,0.000,0.000,0.000,0.000
1305,0.002,0.002,1.496,1.726,0.000,0.000,0.000,0.000
1306,0.000,0.000,1.498,1.724,0.000,0.000,0.000,0.000
1307,0.000,0.004,1.496,1.728,0.000,0.000,0.000,0.000
1308,0.002,0.002,1.496,1.726,0.000,0.000,0.000,0.000
1309,0.000,0.004,1.496,1.730,0.000,0.000,0.000,0.000
1310,0.000,0.000,1.496,1.726,0.000,0.000,0.000,0.000
1311,0.000,0.002,1.496,1.726,0.000,0.000,0.000,0.000
1312,0.000,0.002,1.496,1.726,0.000,0.000,0.000,0.000
1313,0.000,0.004,1.496,1.726,0.000,0.000,0.000,0.000
1314,0.000,0.004,1.498,1.726,0.000,0.000,0.000,0.000
1315,0.000,0.000,1.496,1.726,0.000,0.000,0.000,0.000
1316,-0.002,0.000,1.496,1.728,0.000,0.000,0.000,0.000
1317,-0.002,0.002,1.496,1.726,0.000,0.000,0.000,0.000
1318,0.000,0.006,1.498,1.726,0.000,0.000,0.000,0.000
1319,0.000,0.002,1.496,1.726,0.000,0.000,0.000,0.000
1320,0.000,-0.002,1.498,1.728,0.000,0.000,0.000,0.000
1321,-0.002,-0.002,1.500,1.726,0.000,0.000,0.000,0.000
1322,0.000,0.004,1.496,1.726,0.000,0.000,0.000,0.000
1323,0.000,0.004,1.496,1.728,0.000,0.000,0.000,0.000
1324,0.000,0.004,1.496,1.726,0.000,0.000,0.000,0.000
1325,0.000,0.004,1.496,1.728,0.000,0.000,0.000,0.000
1326,0.000,0.002,1.498,1.728,0.000,0.000,0.000,0.000
1327,0.000,0.004,1.498,1.726,0.000,0.000,0.000,0.000
1328,0.000,0.002,1.496,1.726,0.000,0.000,0.000,0.000
1329,0.000,0.002,1.498,1.726,0.000,0.000,0.000,0.000
1330,0.000,0.002,1.496,1.726,0.000,0.000,0.000,0.000
1331,0.000,0.002,1.496,1.726,0.000,0.000,0.000,0.000
1332,0.000,0.004,1.496,1.728,0.000,0.000,0.000,0.000
1333,0.000,0.002,1.496,1.726,0.000,0.000,0.000,0.000
1334,0.000,0.000,1.496,1.728,0.000,0.000,0.000,0.000
1335,0.000,0.008,1.496,1.726,0.000,0.000,0.000,0.000
1336,0.002,0.002,1.496,1.726,0.000,0.000,0.000,0.000
1337,0.000,0.002,1.498,1.728,0.000,0.000,0.000,0.000
1338,0.000,0.004,1.496,1.728,0.000,0.000,0.000,0.000
1339,0.000,-0.002,1.496,1.726,0.000,0.000,0.000,0.000
1340,0.000,0.002,1.498,1.728,0.000,0.000,0.000,0.000
1341,0.000,0.000,1.496,1.728,0.000,0.000,0.000,0.000
1342,0.000,-0.004,1.498,1.724,0.000,0.000,0.000,0.000
1343,-0.004,-0.002,1.498,1.728,0.000,0.000,0.000,0.000
1344,-0.004,0.000,1.496,1.724,0.000,0.000,0.000,0.000
1345,-0.002,0.006,1.496,1.728,0.000,0.000,0.000,0.000
1346,-0.004,0.002,1.496,1.728,0.000,0.000,0.000,0.000
1347,-0.004,0.002,1.496,1.726,0.000,0.000,0.000,0.000
1348,-0.002,0.002,1.496,1.726,0.000,0.000,0.000,0.000
1349,-0.002,0.002,1.496,1.726,0.000,0.000,0.000,0.000
1350,-0.002,0.004,1.494,1.728,0.000,0.000,0.000,0.000
1351,0.000,0.006,1.498,1.726,0.000,0.000,0.000,0.000
1352,0.000,0.002,1.498,1.726,0.000,0.000,0.000,0.000
1353,-0.002,0.000,1.498,1.726,0.000,0.000,0.000,0.000
1354,-0.002,0.002,1.496,1.728,0.000,0.000,0.000,0.000
1355,-0.002,0.004,1.498,1.726,0.000,0.000,0.000,0.000
1356,-0.002,0.002,1.498,1.728,0.000,0.000,0.000,0.000
1357,-0.004,0.002,1.498,1.728,0.000,0.000,0.000,0.000
1358,-0.002,0.004,1.498,1.726,0.000,0.000,0.000,0.000
1359,-0.002,-0.002,1.496,1.728,0.000,0.000,0.000,0.000
1360,-0.002,-0.002,1.500,1.726,0.000,0.000,0.000,0.000
1361,0.000,0.004,1.496,1.728,0.000,0.000,0.000,0.000
1362,0.000,0.002,1.496,1.728,0.000,0.000,0.000,0.000
1363,0.000,-0.002,1.496,1.726,0.000,0.000,0.000,0.000
1364,-0.002,0.004,1.496,1.726,0.000,0.000,0.000,0.000
1365,-0.002,0.002,1.496,1.726,0.000,0.000,0.000,0.000
1366,0.000,0.004,1.496,1.726,0.000,0.000,0.000,0.000
1367,0.000,0.002,1.496,1.726,0.000,0.000,0.000,0.000
1368,0.000,0.004,1.496,1.726,0.000,0.000,0.000,0.000
1369,0.000,0.004,1.496,1.728,0.000,0.000,0.000,0.000
1370,0.000,0.002,1.496,1.728,0.000,0.000,0.000,0.000
1371,0.000,0.002,1.496,1.726,0.000,0.000,0.000,0.000
1372,-0.002,-0.002,1.496,1.728,0.000,0.000,0.000,0.000
1373,-0.002,0.002,1.496,1.726,0.000,0.000,0.000,0.000
1374,0.032,0.114,1.496,1.728,0.000,0.000,0.000,0.000
1375,-0.036,-0.216,1.496,1.726,0.000,0.000,0.000,0.000
1376,-0.006,0.042,1.498,1.726,0.000,0.000,0.000,0.000
1377,-0.008,0.006,1.496,1.726,0.000,0.000,0.000,0.000
