Id,Text,BeginTime,EndTime,Confidence,SpeakerConfidence,Admiration,Adoration,Aesthetic Appreciation,Amusement,Anger,Anxiety,Awe,Awkwardness,Boredom,Calmness,Concentration,Contemplation,Confusion,Contempt,Contentment,Craving,Determination,Disappointment,Disgust,Distress,Doubt,Ecstasy,Embarrassment,Empathic Pain,Entrancement,Envy,Excitement,Fear,Guilt,Horror,Interest,Joy,Love,Nostalgia,Pain,Pride,Realization,Relief,Romance,Sadness,Satisfaction,Desire,Shame,Surprise (negative),Surprise (positive),Sympathy,Tiredness,Triumph
unknown,氷,2.0559447,2.5559447,0.9794922,,0.013034038245677948,0.012155801989138126,0.011847837828099728,0.03114478476345539,0.02231871522963047,0.020480075851082802,0.017793754115700722,0.044991541653871536,0.06730329245328903,0.2275739461183548,0.0640910416841507,0.02446763403713703,0.03679240494966507,0.011225100606679916,0.012206503190100193,0.014947131276130676,0.04435281455516815,0.01625176891684532,0.02472742274403572,0.03683885186910629,0.01958209089934826,0.009191196411848068,0.010701770894229412,0.008130325004458427,0.013917118310928345,0.0032691736705601215,0.03214320167899132,0.035284895449876785,0.016442062333226204,0.018185269087553024,0.0698281079530716,0.026100337505340576,0.011652953922748566,0.013333533890545368,0.017209595069289207,0.00864765141159296,0.02037990279495716,0.010292920283973217,0.00786813348531723,0.017018092796206474,0.015691716223955154,0.019985439255833626,0.011411914601922035,0.014643589034676552,0.014729016460478306,0.009002639912068844,0.02648145519196987,0.0058672791346907616
unknown,箱,8.084055,8.584055,0.98876953,,0.02793237566947937,0.022259484976530075,0.028963349759578705,0.11199986934661865,0.007807824295014143,0.013704823330044746,0.07516079396009445,0.021873215213418007,0.04408561810851097,0.1460905522108078,0.055849283933639526,0.0246090330183506,0.049831949174404144,0.0048116957768797874,0.027617456391453743,0.026920795440673828,0.0489884689450264,0.007121237926185131,0.0057436442002654076,0.018615221604704857,0.017916200682520866,0.03954911231994629,0.005017118528485298,0.007806082721799612,0.04137255251407623,0.005121348425745964,0.10407906770706177,0.01976502314209938,0.006274974439293146,0.010382851585745811,0.16559550166130066,0.08782289177179337,0.0245842095464468,0.012600639835000038,0.010529144667088985,0.02333066239953041,0.04118722677230835,0.023587550967931747,0.015442057512700558,0.009860431775450706,0.03657737746834755,0.02501802146434784,0.004301971755921841,0.013889739289879799,0.05003463476896286,0.010384546592831612,0.026408318430185318,0.017146214842796326
unknown,緑,14.192007,14.692007,0.99560547,,0.031845372170209885,0.016799740493297577,0.025620482861995697,0.03815032169222832,0.03387591242790222,0.011049087159335613,0.04070332273840904,0.015238581225275993,0.042879294604063034,0.1727902889251709,0.10380695015192032,0.04373602941632271,0.019034842029213905,0.01369282603263855,0.03344762697815895,0.018675848841667175,0.149759903550148,0.011462360620498657,0.00946837104856968,0.012173979543149471,0.0162113755941391,0.02766970358788967,0.005020000971853733,0.0028007172513753176,0.02677835337817669,0.011405536904931068,0.07667320221662521,0.009519646875560284,0.005921075586229563,0.011581512168049812,0.07802411168813705,0.04177878797054291,0.016502683982253075,0.019231116399168968,0.004948885180056095,0.039003729820251465,0.03629643842577934,0.05569054186344147,0.012276904657483101,0.011620847508311272,0.04932233691215515,0.0340716727077961,0.007424873765558004,0.014351698569953442,0.03413175791501999,0.005631018429994583,0.016205133870244026,0.04150405526161194
unknown,痛 い,20.640907,21.260817,0.81274414,,0.02125983126461506,0.011773738078773022,0.0160660482943058,0.02549712173640728,0.07743619382381439,0.03090774640440941,0.02550004981458187,0.02781183458864689,0.06005581468343735,0.1780642420053482,0.09376583993434906,0.02667185291647911,0.02052556350827217,0.0261455737054348,0.03198709338903427,0.021354306489229202,0.17429682612419128,0.05725322291254997,0.03184875100851059,0.0449218824505806,0.022602448239922523,0.01922020874917507,0.02925712987780571,0.01576213352382183,0.015043571591377258,0.012107695452868938,0.057861290872097015,0.018027078360319138,0.02925640530884266,0.016002554446458817,0.1261909306049347,0.021662380546331406,0.012756330892443657,0.026156166568398476,0.041698046028614044,0.03191276267170906,0.05934935063123703,0.032634612172842026,0.009399808011949062,0.032640475779771805,0.03480933606624603,0.025126129388809204,0.03604220598936081,0.022976337000727654,0.017321979627013206,0.01945348083972931,0.040942732244729996,0.034817665815353394
unknown,冷 い,26.396557,27.296253,0.7687988,,0.012305120937526226,0.005857565440237522,0.007135255262255669,0.01621684804558754,0.077707439661026,0.03030710481107235,0.008500976487994194,0.04011184349656105,0.03980293869972229,0.26303306221961975,0.14875945448875427,0.03597944229841232,0.08752989768981934,0.0246107280254364,0.0272691547870636,0.019086280837655067,0.26232752203941345,0.03478139266371727,0.013493511825799942,0.0362640917301178,0.04964996874332428,0.009972942993044853,0.013175049796700478,0.006232801824808121,0.011138714849948883,0.015647009015083313,0.04908953234553337,0.020205434411764145,0.01343098096549511,0.005960510112345219,0.09280412644147873,0.022022482007741928,0.009799285791814327,0.021605396643280983,0.011122846975922585,0.018501223996281624,0.018409907817840576,0.018790317699313164,0.010126921348273754,0.020246312022209167,0.02361660823225975,0.010342246852815151,0.015191146172583103,0.012681993655860424,0.007745062466710806,0.011881515383720398,0.021247265860438347,0.0166604146361351
unknown,悲 し い,32.32721,33.14698,0.93033856,,0.018411286175251007,0.013515069149434566,0.008169523440301418,0.014245057478547096,0.010194780305027962,0.022425977513194084,0.012406015768647194,0.09039825201034546,0.0711577832698822,0.09397008270025253,0.012855000793933868,0.1184195876121521,0.14581476151943207,0.012811187654733658,0.007134664338082075,0.011454995721578598,0.00529840774834156,0.0768655315041542,0.015727609395980835,0.025282062590122223,0.0758175477385521,0.004837398417294025,0.03386557102203369,0.03377522900700569,0.010565398260951042,0.02088826708495617,0.012443955056369305,0.007757613435387611,0.014132042415440083,0.004263439681380987,0.03231175243854523,0.015338766388595104,0.015440071932971478,0.05474798381328583,0.023178977891802788,0.001691133133135736,0.10862787812948227,0.02047562599182129,0.034302014857530594,0.05027438700199127,0.005415827967226505,0.0374467596411705,0.02956400439143181,0.025096001103520393,0.00991806946694851,0.03385133296251297,0.011562056839466095,0.0005360911600291729
unknown,え,39.28218,39.78218,0.49316406,,0.01573532074689865,0.006709410343319178,0.011146663688123226,0.04956446960568428,0.017470862716436386,0.01689811609685421,0.016163820400834084,0.0589907169342041,0.05155747011303902,0.1285814642906189,0.054049052298069,0.01847992092370987,0.027478421106934547,0.01665712706744671,0.07151281833648682,0.004594879224896431,0.07545003294944763,0.02403699979186058,0.012554961256682873,0.019256405532360077,0.025704186409711838,0.015629764646291733,0.01037501823157072,0.004348871763795614,0.012021238915622234,0.014439444057643414,0.08462082594633102,0.00705849751830101,0.0054208505898714066,0.0040068915113806725,0.08691015839576721,0.04587231203913689,0.005141730885952711,0.013671139255166054,0.01001167856156826,0.02526104636490345,0.045902106910943985,0.09998825937509537,0.008525699377059937,0.010339695028960705,0.10468815267086029,0.01924039050936699,0.004529451951384544,0.01645372435450554,0.041468873620033264,0.006103412248194218,0.033737726509571075,0.05743110924959183
unknown,猫,44.33242,44.83242,0.9399414,,0.01577422022819519,0.0074431574903428555,0.011475995182991028,0.05956128239631653,0.04078475385904312,0.03296342492103577,0.014986501075327396,0.036586008965969086,0.05532271787524223,0.1413821429014206,0.06637762486934662,0.011016624979674816,0.03910907730460167,0.01728062704205513,0.02286575548350811,0.009687711484730244,0.12351745367050171,0.022199176251888275,0.01580284722149372,0.04738285765051842,0.024907831102609634,0.012485254555940628,0.013239004649221897,0.01033391896635294,0.014334449544548988,0.01414091419428587,0.05654347315430641,0.04263332113623619,0.015824763104319572,0.01425926573574543,0.06219949573278427,0.026535268872976303,0.00942172296345234,0.010032427497208118,0.02531861700117588,0.03544720634818077,0.02009110152721405,0.033340729773044586,0.014864452183246613,0.02333325892686844,0.03000875934958458,0.028941858559846878,0.010400360450148582,0.03043849766254425,0.0184473879635334,0.012940934859216213,0.0301706213504076,0.02351955883204937
unknown,ふ わ ふ わ,49.80543,50.74487,0.98010254,,0.019686944782733917,0.00947568565607071,0.008454234339296818,0.08510176837444305,0.10383214056491852,0.042122628539800644,0.012135942466557026,0.0538090355694294,0.06891026347875595,0.11153774708509445,0.05219075456261635,0.01628631353378296,0.06778499484062195,0.048322610557079315,0.025998646393418312,0.010119544342160225,0.08119595050811768,0.03563664108514786,0.04992738738656044,0.050550807267427444,0.02541927620768547,0.012371048331260681,0.021330706775188446,0.005929171573370695,0.00819605402648449,0.0170559361577034,0.03142865002155304,0.02987745963037014,0.008929815143346786,0.017377877607941628,0.035969026386737823,0.027780314907431602,0.008348163217306137,0.01406189240515232,0.018180066719651222,0.030651573091745377,0.022185921669006348,0.04247216135263443,0.015273747965693474,0.013942746445536613,0.03787591680884361,0.03965131193399429,0.014786232262849808,0.03363998234272003,0.013346611522138119,0.01189543679356575,0.047675639390945435,0.027184657752513885
unknown,も の さ し,56.11737,57.05681,0.92163086,,0.026249725371599197,0.017143307253718376,0.009290739893913269,0.00704512232914567,0.0174847524613142,0.021620165556669235,0.020052826032042503,0.018066266551613808,0.017779648303985596,0.15564590692520142,0.08836668729782104,0.044214438647031784,0.025078658014535904,0.006923257373273373,0.012727605178952217,0.008555574342608452,0.10221612453460693,0.007394205313175917,0.0042839632369577885,0.014742102473974228,0.020626140758395195,0.010164638981223106,0.0063815307803452015,0.004288344644010067,0.013515889644622803,0.004691511392593384,0.0343259759247303,0.013140540570020676,0.00679286802187562,0.007679491303861141,0.05963809788227081,0.014384825713932514,0.01883760653436184,0.02316824346780777,0.005700371228158474,0.024513347074389458,0.021795891225337982,0.009887815453112125,0.022176962345838547,0.016206324100494385,0.019335873425006866,0.03694377839565277,0.009605769999325275,0.008181922137737274,0.011450125835835934,0.007243937812745571,0.007434854283928871,0.010467156767845154
unknown,キ,62.56651,63.06651,0.35791016,,0.03939123451709747,0.018952680751681328,0.014836587943136692,0.04632524400949478,0.02676091529428959,0.016497548669576645,0.03998078778386116,0.04153420776128769,0.028814755380153656,0.0811709389090538,0.04033726081252098,0.02357802726328373,0.05847875028848648,0.011905474588274956,0.04367333650588989,0.009206194430589676,0.07898326218128204,0.022893516346812248,0.015120424330234528,0.029746923595666885,0.04439004883170128,0.022418005391955376,0.009295214898884296,0.004447851330041885,0.015327312052249908,0.02364063635468483,0.07789524644613266,0.013279620558023453,0.00842356402426958,0.007349712308496237,0.10813883692026138,0.061715319752693176,0.01817801408469677,0.023901471868157387,0.00945805013179779,0.032096683979034424,0.07097318023443222,0.05391953885555267,0.014275122433900833,0.013060493394732475,0.04327181726694107,0.03051050379872322,0.007980591617524624,0.030376985669136047,0.074420265853405,0.004000586923211813,0.022705672308802605,0.023848576471209526
unknown,白,68.80176,69.30176,0.82177734,,0.00823737122118473,0.006443693768233061,0.010891013778746128,0.02224908396601677,0.17297157645225525,0.02534274198114872,0.011516071856021881,0.0441446527838707,0.015796208754181862,0.05476422980427742,0.08228732645511627,0.015590986236929893,0.05313870310783386,0.037201449275016785,0.018303142860531807,0.03217087313532829,0.2875528037548065,0.01811552420258522,0.028712447732686996,0.04152901843190193,0.02877771481871605,0.013097189366817474,0.02005300112068653,0.005669062957167625,0.008813124150037766,0.014706174843013287,0.06767688691616058,0.02935926616191864,0.007415765896439552,0.01701240986585617,0.07462071627378464,0.01903785765171051,0.00703113479539752,0.008757002651691437,0.009236916899681091,0.021387629210948944,0.023430125787854195,0.021554576233029366,0.008175443857908249,0.009438125416636467,0.021885665133595467,0.016568299382925034,0.01564227044582367,0.03682834655046463,0.009709186851978302,0.010786355473101139,0.011806891299784184,0.02111460268497467
unknown,意,77.935,78.435,0.96533203,,0.015274928882718086,0.009350473992526531,0.007281244732439518,0.02907244861125946,0.03189374879002571,0.029651006683707237,0.01619243063032627,0.05578882247209549,0.05868519842624664,0.08999645709991455,0.04034704715013504,0.024283509701490402,0.039248257875442505,0.028093747794628143,0.025656122714281082,0.00858508050441742,0.06271733343601227,0.045530516654253006,0.029681676998734474,0.06607344001531601,0.018564658239483833,0.01079749595373869,0.01341276429593563,0.011197157204151154,0.021383021026849747,0.00805397517979145,0.02704716846346855,0.023694826290011406,0.00659417686983943,0.012064110487699509,0.051365967839956284,0.02114678919315338,0.009170768782496452,0.019996043294668198,0.014729204587638378,0.015677183866500854,0.059523068368434906,0.03737012296915054,0.013401146978139877,0.019754616543650627,0.019316384568810463,0.01714314892888069,0.010139682330191135,0.03537178039550781,0.02942531742155552,0.008888263255357742,0.0355185829102993,0.011439180932939053
unknown,温 か い,80.335,81.235,0.9423828,,0.015763327479362488,0.006916414014995098,0.010669623501598835,0.016268953680992126,0.0023356934543699026,0.004116562195122242,0.012670475989580154,0.005794849246740341,0.04456780478358269,0.2343132644891739,0.058969646692276,0.061954203993082047,0.011898895725607872,0.0018258780473843217,0.02548249624669552,0.008956821635365486,0.0677047073841095,0.004210964310914278,0.0015333686023950577,0.004972956608980894,0.006691304501146078,0.017611326649785042,0.001299676951020956,0.0009467413183301687,0.01660393923521042,0.0004171598411630839,0.08577929437160492,0.0029101113323122263,0.002209488535299897,0.0034009076189249754,0.04255060479044914,0.036793310195207596,0.007272610906511545,0.015435831621289253,0.0014932507183402777,0.01743183471262455,0.05711415410041809,0.01609930396080017,0.001366090727970004,0.0035143133718520403,0.036093082278966904,0.004794009029865265,0.0015687585109844804,0.0037529224064201117,0.008181165903806686,0.002828906988725066,0.018960334360599518,0.015398041345179081
unknown,メ ロ デ ー,86.134995,86.994995,0.74554443,,0.02787165716290474,0.020597686991095543,0.010287386365234852,0.024447480216622353,0.0006286616553552449,0.0009883884340524673,0.05719306692481041,0.004226700868457556,0.055277854204177856,0.18561893701553345,0.028360167518258095,0.030513247475028038,0.0037345215678215027,0.0009233685559593141,0.03954584151506424,0.01262117549777031,0.04111512750387192,0.0013796886196359992,0.00035998428938910365,0.0016662015113979578,0.003336847061291337,0.034452252089977264,0.0009601732599548995,0.0023362007923424244,0.03570709750056267,0.0019734883680939674,0.07329436391592026,0.0013556263875216246,0.0011305388761684299,0.0013314366806298494,0.12929163873195648,0.08803831785917282,0.019784973934292793,0.08364769071340561,0.001111818477511406,0.01757187582552433,0.014853011816740036,0.026092583313584328,0.015337972901761532,0.00454024039208889,0.054285358637571335,0.0083843432366848,0.000965690880548209,0.001491233124397695,0.025796527042984962,0.0038308538496494293,0.00895375944674015,0.014532946981489658
unknown,プ ー ル,98.36703,99.10654,0.98746747,,0.027645548805594444,0.012275222688913345,0.020000405609607697,0.060089606791734695,0.05349458009004593,0.02491687424480915,0.017589734867215157,0.1277017891407013,0.034152720123529434,0.06363362073898315,0.0299836415797472,0.023547062650322914,0.10413191467523575,0.04330318793654442,0.023116370663046837,0.009754973463714123,0.04252715781331062,0.07250229269266129,0.07685938477516174,0.055800262838602066,0.05865582078695297,0.0092817023396492,0.0549880787730217,0.02568655274808407,0.008733827620744705,0.03328240290284157,0.028268899768590927,0.017534323036670685,0.028471753001213074,0.016693154349923134,0.04995614290237427,0.018203504383563995,0.01829628460109234,0.009954499080777168,0.040829647332429886,0.019436873495578766,0.0553608201444149,0.01964535377919674,0.013358892872929573,0.035324644297361374,0.02877231314778328,0.030885353684425354,0.04554229602217674,0.048106662929058075,0.024738367646932602,0.0250567514449358,0.018124788999557495,0.015008018352091312
unknown,ウ ェ デ ィ ン グ ド レ す,104.28987,105.58821,0.8970269,,0.20981048047542572,0.10347151756286621,0.07106531411409378,0.0646405890583992,0.0017091946210712194,0.006369418930262327,0.05503224954009056,0.018633022904396057,0.027955198660492897,0.14469733834266663,0.0465494804084301,0.0875386968255043,0.01227543130517006,0.007089162711054087,0.2519107162952423,0.05816426873207092,0.07873072475194931,0.010192527435719967,0.0029586884193122387,0.0042100585997104645,0.015187124721705914,0.04887161776423454,0.007752099074423313,0.00465590413659811,0.05809658020734787,0.06702630966901779,0.14748145639896393,0.0018479034770280123,0.00261413911357522,0.0007485139067284763,0.28847140073776245,0.12013468891382217,0.10589177906513214,0.02627241611480713,0.0016222457634285092,0.1121479794383049,0.06836047768592834,0.05907982587814331,0.0474722795188427,0.0035374523140490055,0.26634010672569275,0.039626311510801315,0.003466348396614194,0.002776318695396185,0.0628013089299202,0.016991229727864265,0.00936310924589634,0.07878810912370682
unknown,白 い,111.07571,111.855125,0.9160156,,0.006808190606534481,0.003004631260409951,0.007906269282102585,0.014074090868234634,0.08939248323440552,0.1267184168100357,0.018476905301213264,0.06918823719024658,0.01763550192117691,0.029597533866763115,0.012014852836728096,0.022440655156970024,0.0418502576649189,0.03252702206373215,0.0038560712710022926,0.005923265591263771,0.012546868994832039,0.07635533809661865,0.07776538282632828,0.17848247289657593,0.0277511328458786,0.005035893525928259,0.049912236630916595,0.00847201980650425,0.004049468785524368,0.00413956493139267,0.0185055173933506,0.05777344852685928,0.016283385455608368,0.0728144720196724,0.015317325480282307,0.004980918951332569,0.0018031732179224491,0.006638125516474247,0.019850727170705795,0.0035671787336468697,0.023975694552063942,0.008546345867216587,0.0022343324963003397,0.030798688530921936,0.003438869956880808,0.005106149706989527,0.03874409571290016,0.1508644074201584,0.006218356546014547,0.006818122696131468,0.013490794226527214,0.00245957775041461
unknown,男,117.23802,117.73802,0.99902344,,0.01922968402504921,0.021271800622344017,0.012756289914250374,0.14178939163684845,0.040573712438344955,0.05793585628271103,0.08215875178575516,0.05350341275334358,0.027446385473012924,0.04702093452215195,0.025668315589427948,0.014403351582586765,0.09372636675834656,0.013315873220562935,0.018119310960173607,0.018035143613815308,0.07634866237640381,0.01163489744067192,0.018897946923971176,0.06769539415836334,0.041361939162015915,0.04929979145526886,0.01522271428257227,0.014181504026055336,0.027549803256988525,0.0202903151512146,0.20161210000514984,0.06616362184286118,0.016103094443678856,0.04794902354478836,0.14419656991958618,0.07275592535734177,0.014264390803873539,0.0256657674908638,0.018970509991049767,0.01856117881834507,0.041998498141765594,0.015265654772520065,0.013468660414218903,0.01689636893570423,0.014538045972585678,0.018438011407852173,0.012170081958174706,0.1100432500243187,0.13171063363552094,0.02696882002055645,0.020589793100953102,0.033851902931928635
unknown,行 降,123.18648,123.84616,0.49816895,,0.011173506267368793,0.006354181095957756,0.009441528469324112,0.05409519374370575,0.04302053898572922,0.010879467241466045,0.01029251329600811,0.019864214584231377,0.054811011999845505,0.21059955656528473,0.08282018452882767,0.021390870213508606,0.02913779951632023,0.02023296058177948,0.030835125595331192,0.007812988013029099,0.14706966280937195,0.018131472170352936,0.015061735175549984,0.017339689657092094,0.021876176819205284,0.014415565878152847,0.00860288180410862,0.004059220664203167,0.013708487153053284,0.009776102378964424,0.095007985830307,0.005512153264135122,0.006619659252464771,0.004221546463668346,0.12717632949352264,0.054423440247774124,0.009448845870792866,0.011652504093945026,0.008023831062018871,0.016441425308585167,0.02642846293747425,0.026229750365018845,0.006573467515408993,0.008024385198950768,0.03822973743081093,0.01108047179877758,0.0038843131624162197,0.01037003193050623,0.013014289550483227,0.0075773317366838455,0.04777846485376358,0.029336489737033844
unknown,小 さ い,128.89539,129.75468,0.9972331,,0.038959868252277374,0.011969523504376411,0.009472651407122612,0.03317353129386902,0.1141626387834549,0.03155836462974548,0.011604663915932178,0.04724019393324852,0.01648562029004097,0.1255650371313095,0.07622049003839493,0.07694505155086517,0.038369979709386826,0.0999070554971695,0.028778523206710815,0.005536701064556837,0.09499933570623398,0.09619338810443878,0.07104889303445816,0.0715772956609726,0.019186917692422867,0.012364773079752922,0.01551977451890707,0.029805338010191917,0.010959814302623272,0.050613872706890106,0.04438874125480652,0.018249325454235077,0.022445039823651314,0.01174842193722725,0.0815640315413475,0.021901214495301247,0.013443231582641602,0.053447674959897995,0.030634019523859024,0.018704764544963837,0.10075872391462326,0.06097112596035004,0.008081463165581226,0.062010299414396286,0.02643943578004837,0.019867412745952606,0.03725391998887062,0.04419831186532974,0.03655828535556793,0.06806647777557373,0.00816221721470356,0.016903983429074287
unknown,発 見,135.145,135.925,0.9992676,,0.010999037884175777,0.007655430119484663,0.004356398247182369,0.02613833174109459,0.020917262881994247,0.022530915215611458,0.021758124232292175,0.02793528325855732,0.05279763787984848,0.22732533514499664,0.11516593396663666,0.03702656552195549,0.07137925177812576,0.008234256878495216,0.013993393629789352,0.008025787770748138,0.05674787238240242,0.023570353165268898,0.005108637735247612,0.03867408260703087,0.03285669907927513,0.006972340866923332,0.003907858859747648,0.0033460771664977074,0.014865981414914131,0.0026928808074444532,0.02749006450176239,0.029586557298898697,0.004885700531303883,0.018338896334171295,0.03887652978301048,0.01941619999706745,0.008662130683660507,0.02374018356204033,0.012050372548401356,0.006310272496193647,0.04730316624045372,0.02935187518596649,0.015409755520522594,0.009410127997398376,0.018162736669182777,0.019781609997153282,0.005893869791179895,0.0409855917096138,0.01613408885896206,0.0028156477492302656,0.027096938341856003,0.006843259558081627
unknown,汚 れ,140.425,141.045,0.529068,,0.022291209548711777,0.01075423788279295,0.015216894447803497,0.05007012188434601,0.04259824752807617,0.01439769845455885,0.03458333760499954,0.023322757333517075,0.0991080179810524,0.18805554509162903,0.13377967476844788,0.026961620897054672,0.044793713837862015,0.02696051076054573,0.045325618237257004,0.008031739853322506,0.08467614650726318,0.018523458391427994,0.02601642534136772,0.026488615199923515,0.019100995734333992,0.01567780040204525,0.008064551278948784,0.0039169322699308395,0.025838112458586693,0.006535744294524193,0.042599424719810486,0.0238107331097126,0.012811651453375816,0.014348262920975685,0.059650957584381104,0.032830286771059036,0.01338781788945198,0.016024373471736908,0.013861589133739471,0.024934686720371246,0.03346500173211098,0.09069722145795822,0.014136379584670067,0.011677204631268978,0.06511735171079636,0.026509054005146027,0.005934467539191246,0.019510025158524513,0.02132023312151432,0.005134338978677988,0.034184183925390244,0.018839143216609955
unknown,た,147.23972,147.73972,0.7089844,,0.011671013198792934,0.004469533450901508,0.0076487367041409016,0.03841648995876312,0.10616899281740189,0.017086004838347435,0.012343861162662506,0.020502658560872078,0.04718741402029991,0.11780311167240143,0.12480863928794861,0.028619656339287758,0.04335980862379074,0.05464640259742737,0.0345020592212677,0.007637004368007183,0.18785460293293,0.03267563506960869,0.03176397830247879,0.023059729486703873,0.02324536442756653,0.008319692686200142,0.011001703329384327,0.0022905119694769382,0.0065583353862166405,0.009936176240444183,0.04637836292386055,0.013535440899431705,0.007568972185254097,0.007567315362393856,0.08269038051366806,0.01811607927083969,0.0059002237394452095,0.012641238048672676,0.006811485160142183,0.04876917600631714,0.05186321958899498,0.02405926212668419,0.0045372783206403255,0.007273546885699034,0.04259081557393074,0.0162733793258667,0.013313653878867626,0.02369360625743866,0.012539057992398739,0.005314480047672987,0.011540298350155354,0.04314659908413887
unknown,人,154.11504,154.61504,0.7651367,,0.016239529475569725,0.010640759952366352,0.004695890471339226,0.045507222414016724,0.07641211897134781,0.03530154377222061,0.033303871750831604,0.03967863321304321,0.008226051926612854,0.0319291427731514,0.030770499259233475,0.011801980435848236,0.18048334121704102,0.013339964672923088,0.013174865394830704,0.010303938761353493,0.06419144570827484,0.013716756366193295,0.015772471204400063,0.046640604734420776,0.053064025938510895,0.02073783427476883,0.009408107958734035,0.003065543482080102,0.006346540059894323,0.010618424974381924,0.10909166187047958,0.03272124007344246,0.00551616633310914,0.03587958216667175,0.07463609427213669,0.03542335331439972,0.009343598037958145,0.03278807923197746,0.007035901769995689,0.019436683505773544,0.07114825397729874,0.023469768464565277,0.011572377756237984,0.009132295846939087,0.015803175047039986,0.025699539110064507,0.007699566427618265,0.1251155436038971,0.08821364492177963,0.005853060632944107,0.009214010089635849,0.023502863943576813
unknown,痛 い,158.15228,158.81218,0.98291016,,0.019481543451547623,0.00933903083205223,0.014379170723259449,0.029913848266005516,0.07944978773593903,0.024360090494155884,0.020769106224179268,0.03472411632537842,0.03826403245329857,0.15783105790615082,0.08605103939771652,0.021755486726760864,0.029841573908925056,0.034520525485277176,0.040375977754592896,0.012732136994600296,0.1565711796283722,0.05008421838283539,0.03190099820494652,0.04631669819355011,0.02406221814453602,0.01328727975487709,0.02123928628861904,0.011030922643840313,0.014711009338498116,0.015054839663207531,0.058840561658144,0.01761792041361332,0.01969786174595356,0.011501975357532501,0.08560413867235184,0.028764110058546066,0.014688712544739246,0.023844486102461815,0.022681310772895813,0.03466682508587837,0.03042004257440567,0.031191768124699593,0.011379124596714973,0.02567906677722931,0.04286397248506546,0.016498003154993057,0.023836348205804825,0.02133578062057495,0.014064189046621323,0.011341020464897156,0.01694992557168007,0.03688954561948776
unknown,病 院,164.84071,165.62035,0.7734375,,0.02215144969522953,0.01073403563350439,0.006602011155337095,0.017323799431324005,0.0872206911444664,0.03166500851511955,0.014240019954741001,0.04689847677946091,0.049206361174583435,0.16740372776985168,0.04346470907330513,0.028033027425408363,0.04686763510107994,0.05564349517226219,0.017327377572655678,0.006465259939432144,0.06490039080381393,0.052008744329214096,0.059986889362335205,0.060722172260284424,0.028290770947933197,0.005328602623194456,0.018775412812829018,0.019130313768982887,0.010990124195814133,0.02726888470351696,0.01612759754061699,0.02828170359134674,0.013357632793486118,0.017255188897252083,0.03239089250564575,0.012773049995303154,0.008399523794651031,0.01775440201163292,0.02485540322959423,0.010789507068693638,0.029915928840637207,0.020684542134404182,0.013657420873641968,0.028221966698765755,0.01759270951151848,0.022633187472820282,0.018594050779938698,0.029618220403790474,0.010352697223424911,0.025332674384117126,0.023457448929548264,0.008283201605081558
unknown,手 袋,170.9129,171.5727,0.99780273,,0.018819063901901245,0.006067968904972076,0.008138535544276237,0.039112284779548645,0.08895712345838547,0.044096413999795914,0.012213865295052528,0.034852996468544006,0.020442569628357887,0.07197076082229614,0.058181263506412506,0.025792047381401062,0.06396831572055817,0.028637636452913284,0.019259685650467873,0.0037934710271656513,0.08908838033676147,0.02733735367655754,0.01812322624027729,0.042448073625564575,0.04772667959332466,0.006751127541065216,0.015100126154720783,0.005416074767708778,0.004983194172382355,0.015066113322973251,0.046676650643348694,0.038394294679164886,0.008543268777430058,0.014251424930989742,0.03945060819387436,0.023700257763266563,0.007957708090543747,0.009952490217983723,0.008936481550335884,0.014105447567999363,0.03061586618423462,0.022784091532230377,0.0030816819053143263,0.015809161588549614,0.02161034382879734,0.00487061683088541,0.008984829299151897,0.03589624539017677,0.018766717985272408,0.00931466743350029,0.010205120779573917,0.012381132692098618
unknown,そ の 人 の 考 え 方,177.48,179.06,0.9640067,,0.090580053627491,0.021297333762049675,0.022170040756464005,0.016831550747156143,0.0216539166867733,0.007544207386672497,0.024242693558335304,0.018089640885591507,0.07848262041807175,0.34516870975494385,0.19286221265792847,0.06580236554145813,0.02947605960071087,0.015056236647069454,0.025584649294614792,0.011682966724038124,0.06256293505430222,0.01613467000424862,0.018284568563103676,0.007187542039901018,0.020253511145710945,0.0071359677240252495,0.011155063286423683,0.01349372323602438,0.013021185994148254,0.0261753648519516,0.02907443605363369,0.006836607586592436,0.008431932888925076,0.006633266340941191,0.09428239613771439,0.018939174711704254,0.02252432517707348,0.06523957848548889,0.005962609779089689,0.021614814177155495,0.04364288970828056,0.030687594786286354,0.017036406323313713,0.019363485276699066,0.02799375168979168,0.02409166842699051,0.006723903585225344,0.012618733569979668,0.012027375400066376,0.05862298980355263,0.031132543459534645,0.009302196092903614
unknown,壁,183.04,183.54,0.8847656,,0.007677644491195679,0.004625076428055763,0.006189178675413132,0.03169916942715645,0.08609715849161148,0.02810482867062092,0.009293666109442711,0.06824395060539246,0.057100407779216766,0.15403355658054352,0.10949830710887909,0.04470079764723778,0.08406075090169907,0.03725402057170868,0.034259773790836334,0.006243926472961903,0.1317342221736908,0.03684229776263237,0.024518346413969994,0.05560462549328804,0.04671458154916763,0.00458959024399519,0.015499488450586796,0.004481783136725426,0.005603277124464512,0.006650686264038086,0.03415435552597046,0.020453903824090958,0.009833648800849915,0.006053299643099308,0.0528644323348999,0.0201774500310421,0.006380648352205753,0.012928184121847153,0.012778257951140404,0.028160961344838142,0.03853030130267143,0.01648542657494545,0.0042021507397294044,0.012928870506584644,0.03927135095000267,0.008039740845561028,0.010732604190707207,0.02401904948055744,0.011491449549794197,0.00695194024592638,0.02176581136882305,0.01596665009856224
unknown,森,188.0,188.5,0.5834961,,0.018438730388879776,0.01962745003402233,0.025556353852152824,0.0704052671790123,0.022129705175757408,0.022843046113848686,0.0595124326646328,0.02985244244337082,0.014653122052550316,0.08350542932748795,0.04598504677414894,0.03915809467434883,0.06661877781152725,0.007871131412684917,0.025460422039031982,0.011253448203206062,0.10564244538545609,0.00595060596242547,0.0071477205492556095,0.048661086708307266,0.02674538642168045,0.03087562881410122,0.008056320250034332,0.0041962056420743465,0.029428010806441307,0.011395378038287163,0.15680031478405,0.03886153921484947,0.009686008095741272,0.023852042853832245,0.13692760467529297,0.04729418456554413,0.017172854393720627,0.016924703493714333,0.007956421002745628,0.028118344023823738,0.06389114260673523,0.02047114446759224,0.013010713271796703,0.008035000413656235,0.03054725006222725,0.02156144008040428,0.011374005116522312,0.030802825465798378,0.06735385954380035,0.0061896247789263725,0.00888566393405199,0.025061609223484993
unknown,個 性,195.21031,195.83023,0.8442383,,0.007353838533163071,0.0044572921469807625,0.004214434418827295,0.014040040783584118,0.14065134525299072,0.057190511375665665,0.015698447823524475,0.03807743638753891,0.01949472352862358,0.08886813372373581,0.06982267647981644,0.02292228490114212,0.15085577964782715,0.036542896181344986,0.010853120125830173,0.005234455224126577,0.11277837306261063,0.028919266536831856,0.03731818124651909,0.08373694121837616,0.12039269506931305,0.00605678278952837,0.024047086015343666,0.012788021937012672,0.007064490579068661,0.008527657948434353,0.02085723914206028,0.05574192479252815,0.0168142206966877,0.029492652043700218,0.052026133984327316,0.008984934538602829,0.005115780048072338,0.008636703714728355,0.02400120534002781,0.014381750486791134,0.04033501446247101,0.01776236854493618,0.006399041041731834,0.02032284438610077,0.011229529045522213,0.014535121619701385,0.019816547632217407,0.05259764939546585,0.01245576050132513,0.016986554488539696,0.017173342406749725,0.00834599044173956
unknown,波,200.88599,201.38599,0.9213867,,0.006776641122996807,0.005704334005713463,0.007188848685473204,0.05716681107878685,0.034743282943964005,0.054068423807621,0.015367663465440273,0.10393359512090683,0.05703771859407425,0.11153330653905869,0.029720161110162735,0.01841057650744915,0.12921063601970673,0.018209373578429222,0.015883829444646835,0.013125653378665447,0.07999005913734436,0.03834879398345947,0.020581962540745735,0.08312197774648666,0.12421480566263199,0.016089128330349922,0.02353714220225811,0.0062559363432228565,0.017119649797677994,0.014450781047344208,0.03616567701101303,0.04373382031917572,0.021157046779990196,0.018468843773007393,0.06480766087770462,0.024454422295093536,0.009213099256157875,0.01091005653142929,0.03032062016427517,0.018326595425605774,0.016124848276376724,0.0342407263815403,0.017891280353069305,0.026964327320456505,0.017382541671395302,0.03149016946554184,0.01956762559711933,0.04636642709374428,0.023972542956471443,0.004996923729777336,0.07162991911172867,0.013409853912889957
unknown,選 択,207.452,208.23158,0.7163086,,0.024781567975878716,0.010983146727085114,0.013312370516359806,0.007638237904757261,0.0029570255428552628,0.0027898247353732586,0.016406549140810966,0.003998929169028997,0.058424193412065506,0.42261412739753723,0.3218030333518982,0.05222905054688454,0.005420780275017023,0.002662232145667076,0.02187754400074482,0.01882987469434738,0.16368848085403442,0.003331244457513094,0.0009694917825981975,0.0038157112430781126,0.004574241582304239,0.008259312249720097,0.0009480769513174891,0.001227562315762043,0.018251951783895493,0.0014254264533519745,0.054910510778427124,0.0021492489613592625,0.0007520485669374466,0.001312767039053142,0.22205808758735657,0.03320027142763138,0.008626858703792095,0.013440851122140884,0.0007811957621015608,0.008302214555442333,0.005571817513555288,0.014191730879247189,0.0025920653715729713,0.002279136097058654,0.022761128842830658,0.005514145828783512,0.0005724029615521431,0.0013416524743661284,0.010462092235684395,0.007589873857796192,0.03940511494874954,0.0060086557641625404
unknown,感 情,212.56422,213.3438,0.9819336,,0.009870125912129879,0.005391713231801987,0.003445993410423398,0.010613875463604927,0.010876240208745003,0.0137040289118886,0.007286124397069216,0.03696948289871216,0.03972574323415756,0.20637299120426178,0.02643033117055893,0.023168234154582024,0.05073767900466919,0.007505692075937986,0.010424693115055561,0.0074241585098207,0.021515803411602974,0.015223971568048,0.006672580726444721,0.02159876376390457,0.027952054515480995,0.0032948588486760855,0.00829712301492691,0.0058307587169110775,0.006217719987034798,0.0015390467597171664,0.008249785751104355,0.012136749923229218,0.007335676345974207,0.00821002945303917,0.022340910509228706,0.010972250252962112,0.007975448854267597,0.02150757983326912,0.012840650975704193,0.003361748531460762,0.03344310075044632,0.013457197695970535,0.01145145483314991,0.01394587755203247,0.021408110857009888,0.017162904143333435,0.005865821614861488,0.015157329849898815,0.010444683022797108,0.007731292396783829,0.03213902562856674,0.0019494491862133145
unknown,正 直,219.25499,219.995,0.9941406,,0.009382630698382854,0.006514220032840967,0.004064783453941345,0.013110562227666378,0.029050445184111595,0.03581063076853752,0.008133554831147194,0.04241832345724106,0.058795057237148285,0.204085111618042,0.09461455047130585,0.030399445444345474,0.0504070520401001,0.01715235970914364,0.01520339585840702,0.00458101648837328,0.08838225901126862,0.014012412168085575,0.007077114190906286,0.03244652599096298,0.054230790585279465,0.007522727362811565,0.0081510990858078,0.004040759988129139,0.004786391276866198,0.004847378935664892,0.04391775280237198,0.02470550313591957,0.006493884138762951,0.013276281766593456,0.05852198228240013,0.018071984872221947,0.0029480753000825644,0.011843925341963768,0.008213129825890064,0.016980402171611786,0.019311849027872086,0.027436481788754463,0.0023733319249004126,0.017055653035640717,0.01956450752913952,0.007003950886428356,0.00860962737351656,0.02490871585905552,0.014803464524447918,0.00731700100004673,0.022723520174622536,0.008864901959896088
unknown,見 識,225.97499,226.715,0.63671875,,0.008440566249191761,0.003714191261678934,0.005074367392808199,0.027576012536883354,0.008246121928095818,0.011345446109771729,0.00886442419141531,0.031134245917201042,0.04281729459762573,0.1799454540014267,0.16234664618968964,0.0961865559220314,0.22818562388420105,0.01232954766601324,0.027425574138760567,0.013861464336514473,0.07747916132211685,0.025599971413612366,0.008975660428404808,0.018267333507537842,0.14977554976940155,0.005198901519179344,0.005804669577628374,0.006204466335475445,0.003815336851403117,0.013559166342020035,0.024522870779037476,0.007598469499498606,0.005751618184149265,0.0027652138378471136,0.11414805799722672,0.013757466338574886,0.005008638836443424,0.037248723208904266,0.005027051083743572,0.05025546997785568,0.02856401354074478,0.01850568875670433,0.004736584611237049,0.016392633318901062,0.027117634192109108,0.004847733303904533,0.008150008507072926,0.029912717640399933,0.015125999227166176,0.020218679681420326,0.019849373027682304,0.01805698685348034
unknown,お 腹 か,233.03,233.89,0.64575195,,0.030052194371819496,0.017576582729816437,0.011299173347651958,0.031769316643476486,0.025370929390192032,0.027717219665646553,0.024803996086120605,0.03483334183692932,0.051342129707336426,0.16728316247463226,0.04137152433395386,0.027084819972515106,0.039921265095472336,0.02234138920903206,0.04012882336974144,0.021157320588827133,0.06379634141921997,0.04667738825082779,0.023216351866722107,0.03329584375023842,0.022243158891797066,0.011471599340438843,0.013530171476304531,0.015405779704451561,0.02539011649787426,0.03343558311462402,0.020973332226276398,0.031111303716897964,0.017573347315192223,0.011417696252465248,0.0417168065905571,0.024009941145777702,0.026666350662708282,0.01834121160209179,0.026744604110717773,0.012598011642694473,0.04546114802360535,0.07611271739006042,0.05511299893260002,0.03138207271695137,0.04020705446600914,0.08345760405063629,0.016673021018505096,0.02811005525290966,0.02178891748189926,0.02583690918982029,0.04435178264975548,0.016176074743270874
unknown,顔,236.79001,237.29001,0.98095703,,0.0027413677889853716,0.002275122795253992,0.002382653532549739,0.014837939292192459,0.12398499250411987,0.04540908336639404,0.0039741299115121365,0.08616400510072708,0.02446230873465538,0.05724090710282326,0.02424044720828533,0.008998161181807518,0.1268073171377182,0.03833116218447685,0.007991224527359009,0.003913942724466324,0.06585240364074707,0.051609642803668976,0.056542593985795975,0.11322937160730362,0.041266947984695435,0.0024231052957475185,0.0209818035364151,0.008440990000963211,0.00283569167368114,0.00839145015925169,0.01459404919296503,0.03676988184452057,0.010090747848153114,0.014515533111989498,0.021591616794466972,0.007611297070980072,0.0015266981208696961,0.005321142263710499,0.024811821058392525,0.004880030173808336,0.016275649890303612,0.01343235932290554,0.0021930355578660965,0.022868402302265167,0.00764270918443799,0.004068552516400814,0.013575474731624126,0.05528268590569496,0.006818841677159071,0.0070713055320084095,0.015673110261559486,0.0036708652041852474
unknown,知 識,242.80327,243.42303,0.9987793,,0.0190352201461792,0.009111732244491577,0.005022159777581692,0.030224256217479706,0.008799498900771141,0.029501162469387054,0.017673276364803314,0.0439465269446373,0.040162015706300735,0.11279454082250595,0.03787283971905708,0.05487557500600815,0.10431332886219025,0.009471287950873375,0.015409319661557674,0.011506756767630577,0.04994586855173111,0.022323191165924072,0.009618925862014294,0.028562864288687706,0.09036581218242645,0.016007523983716965,0.011651084758341312,0.005153250880539417,0.015562123619019985,0.012442074716091156,0.049299728125333786,0.015342983417212963,0.00373019278049469,0.006934653501957655,0.06735291332006454,0.0382172092795372,0.00962325744330883,0.01489275973290205,0.004816018044948578,0.017407672479748726,0.04454611614346504,0.01921762526035309,0.010962015949189663,0.010769354179501534,0.023414408788084984,0.013050811365246773,0.008871255442500114,0.021011866629123688,0.028747111558914185,0.005674226675182581,0.01623956300318241,0.012006004340946674
unknown,町,248.63203,249.13203,0.4609375,,0.021941527724266052,0.009248342365026474,0.011771238408982754,0.040700122714042664,0.03364642336964607,0.025759849697351456,0.023905253037810326,0.036886900663375854,0.032187797129154205,0.05098496004939079,0.04741326719522476,0.03313654288649559,0.06491401046514511,0.017038492485880852,0.02612895518541336,0.007371164858341217,0.05780135840177536,0.02406092919409275,0.010223042219877243,0.03592303395271301,0.046448297798633575,0.02344343066215515,0.01157456822693348,0.005720487795770168,0.015388308092951775,0.009347472339868546,0.13394081592559814,0.013454166240990162,0.007342615630477667,0.0055053578689694405,0.10556552559137344,0.044133201241493225,0.011595753952860832,0.03633551672101021,0.007276221644133329,0.018351556733250618,0.04331452399492264,0.021572763100266457,0.008487551473081112,0.009760071523487568,0.038988031446933746,0.013545094057917595,0.007150591816753149,0.023625332862138748,0.048459433019161224,0.009175371378660202,0.02349390834569931,0.016642143949866295
unknown,治 す,255.01973,255.91896,0.7932129,,0.018399080261588097,0.005678772926330566,0.006119039840996265,0.016514237970113754,0.04172753915190697,0.029940852895379066,0.007327397353947163,0.04431123286485672,0.12786298990249634,0.20717312395572662,0.04529225081205368,0.03195218741893768,0.03661239892244339,0.04481450840830803,0.030335424467921257,0.008529081009328365,0.08520922809839249,0.1278993785381317,0.02712053619325161,0.0491596944630146,0.05505194887518883,0.007409665267914534,0.019727421924471855,0.010591639205813408,0.007553969509899616,0.01807883381843567,0.0190744549036026,0.017086388543248177,0.02525358833372593,0.005055065266788006,0.03693975880742073,0.01897859200835228,0.00956370122730732,0.012179617770016193,0.042482271790504456,0.02300553023815155,0.025456594303250313,0.052639130502939224,0.00920707918703556,0.05791642889380455,0.031110845506191254,0.018688611686229706,0.024804752320051193,0.01383409183472395,0.007265781052410603,0.014519775286316872,0.10875553637742996,0.012460559606552124
unknown,増 や す,261.3016,262.16083,0.9845378,,0.026901347562670708,0.011575738899409771,0.01176708284765482,0.023218071088194847,0.022421594709157944,0.02844487503170967,0.018993865698575974,0.04054063931107521,0.027767054736614227,0.27649855613708496,0.10543998330831528,0.08989686518907547,0.03825050964951515,0.0298321433365345,0.06316786259412766,0.011076265946030617,0.11750870943069458,0.04273592680692673,0.018785035237669945,0.0325666144490242,0.032473962754011154,0.016061564907431602,0.01330476626753807,0.014020983129739761,0.018852347508072853,0.0428428128361702,0.049027714878320694,0.02037718892097473,0.012287789024412632,0.009497787803411484,0.10750885307788849,0.023395365104079247,0.00929763913154602,0.03729362040758133,0.012805919162929058,0.017550401389598846,0.20415595173835754,0.12509384751319885,0.019564248621463776,0.02073635160923004,0.07230044156312943,0.027836505323648453,0.014323865994811058,0.021871397271752357,0.03285154700279236,0.02366091124713421,0.03060496412217617,0.022591345012187958
unknown,お 金 が 減 り,267.60776,268.8661,0.97441405,,0.027237530797719955,0.009224465116858482,0.011132891289889812,0.03465176001191139,0.018535586073994637,0.02321827970445156,0.014543059282004833,0.017104947939515114,0.03445103392004967,0.19006559252738953,0.15293854475021362,0.018843024969100952,0.05012985318899155,0.008188492618501186,0.02098047360777855,0.0162758007645607,0.25924378633499146,0.00900476798415184,0.005290609784424305,0.021141309291124344,0.03462542966008186,0.01109996996819973,0.004018011968582869,0.004026545211672783,0.01562601700425148,0.010821612551808357,0.08791649341583252,0.029747789725661278,0.0031014541164040565,0.011122162453830242,0.11573315411806107,0.03993082419037819,0.010584287345409393,0.010808492079377174,0.011545257642865181,0.022474629804491997,0.0123794199898839,0.029943475499749184,0.013398958370089531,0.007239107508212328,0.0302400141954422,0.018023256212472916,0.0025446105282753706,0.022117216140031815,0.029593074694275856,0.008084792643785477,0.0333242192864418,0.01692558079957962
unknown,夏,272.97238,273.47238,0.9995117,,0.03358151391148567,0.01570899784564972,0.016869891434907913,0.08392917364835739,0.020057154819369316,0.022531261667609215,0.01908574067056179,0.06039285659790039,0.05181487277150154,0.1842498928308487,0.0240872111171484,0.017215074971318245,0.04097931459546089,0.021670637652277946,0.052026256918907166,0.005329331383109093,0.04386220872402191,0.032354772090911865,0.014554336667060852,0.02750910446047783,0.028097568079829216,0.018736399710178375,0.015035917982459068,0.0067091467790305614,0.015990331768989563,0.008691014721989632,0.04617887735366821,0.013214490376412868,0.008782243356108665,0.006528249941766262,0.058045435696840286,0.05836676433682442,0.015775417909026146,0.008240906521677971,0.02546248584985733,0.019168652594089508,0.030618472024798393,0.1194034069776535,0.016680102795362473,0.022173095494508743,0.06180495023727417,0.05539707839488983,0.007695263717323542,0.015080793760716915,0.021513493731617928,0.007400001864880323,0.061052851378917694,0.018765544518828392
unknown,後 石,279.24332,280.02292,0.6945801,,0.013047179207205772,0.004458414390683174,0.011835115030407906,0.012480814941227436,0.07594231516122818,0.03458055108785629,0.014111682772636414,0.028160614892840385,0.023331189528107643,0.13291142880916595,0.07461348176002502,0.024196961894631386,0.09164819866418839,0.03687360882759094,0.013522254303097725,0.004683484323322773,0.0749884769320488,0.03818095847964287,0.030161956325173378,0.05451454967260361,0.09774326533079147,0.008374638855457306,0.008246928453445435,0.008784715086221695,0.010242066346108913,0.008243503049015999,0.0340505987405777,0.027851181104779243,0.00843785610049963,0.014647558331489563,0.09838490188121796,0.011082318611443043,0.008150773122906685,0.015653371810913086,0.015616889111697674,0.011708268895745277,0.019778091460466385,0.014033173210918903,0.00790444202721119,0.012308446690440178,0.0140421437099576,0.018419433385133743,0.00837570708245039,0.03234773129224777,0.006694436073303223,0.016601046547293663,0.028865905478596687,0.007213398348540068
unknown,努 力,286.17,286.79,0.9987793,,0.017482494935393333,0.005397303961217403,0.007566856220364571,0.014311153441667557,0.04080091044306755,0.024609694257378578,0.009731224738061428,0.01695597730576992,0.03884367272257805,0.19138264656066895,0.13263115286827087,0.029331449419260025,0.029076624661684036,0.02314654178917408,0.01391045842319727,0.012761122547090054,0.16202034056186676,0.03152629733085632,0.016917428001761436,0.03949246183037758,0.026343701407313347,0.003677212633192539,0.006035069469362497,0.01831323467195034,0.00771191855892539,0.007590492255985737,0.024365045130252838,0.02348927967250347,0.006923530716449022,0.015212185680866241,0.037527281790971756,0.011007074266672134,0.0032661957666277885,0.004452595021575689,0.010134762153029442,0.0206583384424448,0.029841000214219093,0.0369122140109539,0.005074487999081612,0.022617191076278687,0.039876412600278854,0.008481184020638466,0.010631581768393517,0.012802519835531712,0.007274989038705826,0.03501076251268387,0.07484588772058487,0.017764266580343246
unknown,猫,291.05,291.55,0.9980469,,0.03283315151929855,0.016960402950644493,0.022337691858410835,0.055389583110809326,0.016420478001236916,0.007312477100640535,0.041713301092386246,0.023612283170223236,0.048648811876773834,0.15384459495544434,0.07348931580781937,0.026362799108028412,0.0345875546336174,0.009851424023509026,0.022807041183114052,0.010779673233628273,0.04630786553025246,0.013320445083081722,0.013583160936832428,0.013793285004794598,0.019986022263765335,0.017380207777023315,0.007941847667098045,0.004848433658480644,0.014425557106733322,0.011693120002746582,0.07045459002256393,0.008258252404630184,0.006205207202583551,0.007752712815999985,0.16300266981124878,0.03791675716638565,0.01458949875086546,0.02210344932973385,0.006316712126135826,0.018990376964211464,0.04726501181721687,0.015312261879444122,0.014245557598769665,0.010518732480704784,0.03232546150684357,0.020640481263399124,0.005655081942677498,0.024372488260269165,0.040363609790802,0.007416732609272003,0.011795410886406898,0.012446016073226929
unknown,飛 行 機,296.88998,297.79,0.9983724,,0.012650531716644764,0.005729593802243471,0.01382189430296421,0.04571029543876648,0.10090559720993042,0.03905636444687843,0.03654131665825844,0.02539150044322014,0.0185142382979393,0.0722530260682106,0.062098339200019836,0.025967471301555634,0.08975830674171448,0.029296455904841423,0.007882396690547466,0.0065239425748586655,0.06878969818353653,0.03092188760638237,0.0502813383936882,0.0766814574599266,0.030677611008286476,0.014520416967570782,0.006509110331535339,0.005744145251810551,0.00916669424623251,0.005552656017243862,0.08439378440380096,0.03981661796569824,0.005068896804004908,0.040321312844753265,0.07831819355487823,0.018149157986044884,0.0030902933795005083,0.01330942939966917,0.012323885224759579,0.013310330919921398,0.06655853241682053,0.014197524636983871,0.002649953356012702,0.01021280325949192,0.019329408183693886,0.0057518985122442245,0.008213724009692669,0.0752454400062561,0.03143071010708809,0.0052476972341537476,0.028003815561532974,0.008746362291276455
unknown,花,303.465,303.965,0.70166016,,0.07747358828783035,0.026594500988721848,0.031008044257760048,0.06419006735086441,0.012320669367909431,0.00961263943463564,0.027262594550848007,0.03915156051516533,0.07005926221609116,0.20550397038459778,0.06085585802793503,0.021056897938251495,0.015552759170532227,0.011658910661935806,0.11020567268133163,0.0033087970223277807,0.04578212648630142,0.013827761635184288,0.004900607280433178,0.010183168575167656,0.01263673696666956,0.02253664657473564,0.005794356111437082,0.0024694534949958324,0.011487560346722603,0.012353993952274323,0.09538992494344711,0.0054597617127001286,0.004838116932660341,0.0017105069709941745,0.15737007558345795,0.16882114112377167,0.04337563365697861,0.00833640806376934,0.0038003954105079174,0.02385350503027439,0.028890369459986687,0.1097186729311943,0.007605803199112415,0.006696254014968872,0.08738655596971512,0.016441863030195236,0.0031328676268458366,0.007285413332283497,0.043879032135009766,0.006522427778691053,0.019696712493896484,0.02351120114326477
unknown,飛 ぶ,308.745,309.445,0.8532715,,0.012369410134851933,0.012720560654997826,0.012028922326862812,0.10778137296438217,0.07098472863435745,0.04784759506583214,0.023481199517846107,0.040728725492954254,0.1378389298915863,0.08878979086875916,0.03167711943387985,0.021586434915661812,0.04825718700885773,0.014133725315332413,0.036124393343925476,0.030054626986384392,0.056203655898571014,0.025996075943112373,0.016258930787444115,0.07480752468109131,0.017181232571601868,0.043064966797828674,0.006243514828383923,0.00680523831397295,0.01819179765880108,0.00877582561224699,0.1106128916144371,0.03467709198594093,0.0036210801918059587,0.028595086187124252,0.06298452615737915,0.07757510989904404,0.017276816070079803,0.009720717556774616,0.020980600267648697,0.01721731759607792,0.02471298724412918,0.04776381701231003,0.012183072045445442,0.023190824314951897,0.027412381023168564,0.023038631305098534,0.005770939402282238,0.0358164981007576,0.021787624806165695,0.007196820806711912,0.08869678527116776,0.01753251813352108
unknown,痛,316.63138,317.13138,0.5517578,,0.015675820410251617,0.01684289053082466,0.011896238662302494,0.07548969238996506,0.07389853149652481,0.09477148950099945,0.05390632897615433,0.05649604648351669,0.023957684636116028,0.046381618827581406,0.015722597017884254,0.009862476959824562,0.05033615604043007,0.011257821694016457,0.01798233576118946,0.03399614989757538,0.05235642194747925,0.028278853744268417,0.022605963051319122,0.14342840015888214,0.021249348297715187,0.050607629120349884,0.03316231817007065,0.022587092593312263,0.02384987473487854,0.011532453820109367,0.123435840010643,0.09866125881671906,0.034420840442180634,0.05974667891860008,0.09729237109422684,0.04898829385638237,0.018365664407610893,0.022777972742915154,0.09371919184923172,0.008933869190514088,0.03202839940786362,0.019799238070845604,0.02531515620648861,0.03593704104423523,0.017709465697407722,0.05547240376472473,0.04340296983718872,0.059287089854478836,0.038252681493759155,0.021943071857094765,0.03480382636189461,0.014903067611157894
unknown,透 明,320.2246,321.044,0.96972656,,0.03128274902701378,0.026691095903515816,0.014823507517576218,0.05505852401256561,0.043732523918151855,0.03736717998981476,0.0375080332159996,0.024832695722579956,0.0856068804860115,0.10552641749382019,0.021952474489808083,0.015562046319246292,0.06219451501965523,0.018579808995127678,0.01667080819606781,0.06466789543628693,0.0383773148059845,0.05521766096353531,0.019622376188635826,0.10427704453468323,0.03269200772047043,0.021077832207083702,0.02448420785367489,0.02539241500198841,0.04443228244781494,0.022468289360404015,0.023245221003890038,0.05978945270180702,0.017608078196644783,0.031787656247615814,0.02310333400964737,0.03247720003128052,0.0372902937233448,0.014363742433488369,0.07014627009630203,0.019542381167411804,0.01751694455742836,0.028843214735388756,0.06216305121779442,0.07088109850883484,0.022321099415421486,0.1133432611823082,0.026197416707873344,0.028665129095315933,0.012625237926840782,0.015757432207465172,0.1449558585882187,0.019822746515274048
unknown,神 様,326.25327,327.03275,0.7902832,,0.021272271871566772,0.01608368009328842,0.013848889619112015,0.04016121104359627,0.13279904425144196,0.03439763933420181,0.028403159230947495,0.020164763554930687,0.02333989180624485,0.12105712294578552,0.1888638287782669,0.020516304299235344,0.023542553186416626,0.039693403989076614,0.03436218202114105,0.03937557712197304,0.322020947933197,0.013163452036678791,0.03319348394870758,0.03679990768432617,0.017297664657235146,0.027219807729125023,0.010217851027846336,0.004783331882208586,0.02722971886396408,0.021007990464568138,0.08090811222791672,0.029443059116601944,0.0062850345857441425,0.016066687181591988,0.08275743573904037,0.03718039020895958,0.016930101439356804,0.03125851973891258,0.011161413975059986,0.040577661246061325,0.019220881164073944,0.03549100458621979,0.03196430206298828,0.009244993329048157,0.03488929197192192,0.05705639347434044,0.0077742403373122215,0.018141724169254303,0.01608956605195999,0.009117917157709599,0.018689770251512527,0.050634123384952545
unknown,あ る い こ と,333.74072,334.6804,0.8345703,,0.01125749759376049,0.005096915178000927,0.005603730212897062,0.025412388145923615,0.03592433035373688,0.02970918081700802,0.010306676849722862,0.021716248244047165,0.03002140298485756,0.1164422258734703,0.07065647840499878,0.017827337607741356,0.052081264555454254,0.019296007230877876,0.019856076687574387,0.0033515961840748787,0.09203352779150009,0.031094390898942947,0.015515078790485859,0.037952035665512085,0.0567803680896759,0.006494408473372459,0.015422978438436985,0.011313395574688911,0.006653625052422285,0.008951126597821712,0.026454217731952667,0.02764218859374523,0.027214763686060905,0.010974589735269547,0.054457005113363266,0.012452811934053898,0.008464036509394646,0.01238254178315401,0.018107464537024498,0.01755102537572384,0.04301870986819267,0.024963805451989174,0.007406018674373627,0.02386554330587387,0.02086871676146984,0.0098030436784029,0.013692648150026798,0.021696584299206734,0.011164102703332901,0.018761860206723213,0.02467023767530918,0.014209109358489513
unknown,オ レ ン ジ,338.77695,339.67664,0.97717285,,0.01782207190990448,0.006447340361773968,0.013635373674333096,0.012468405067920685,0.012442449107766151,0.019800109788775444,0.014568151906132698,0.024558870121836662,0.04119923338294029,0.15459060668945312,0.12011930346488953,0.06146375834941864,0.05444781854748726,0.009412679821252823,0.014535816386342049,0.012754700146615505,0.09825174510478973,0.01017575804144144,0.006305592134594917,0.015038850717246532,0.03192898631095886,0.006871470715850592,0.00602949783205986,0.0026749898679554462,0.015422681346535683,0.004110374487936497,0.03746665269136429,0.017336633056402206,0.003053612308576703,0.008692444302141666,0.07484735548496246,0.01003617886453867,0.006055762525647879,0.015325779095292091,0.0036294928286224604,0.01929381862282753,0.03745235130190849,0.006885654758661985,0.008299078792333603,0.007782727014273405,0.01860138215124607,0.02100418508052826,0.00575934536755085,0.015389853157103062,0.019622940570116043,0.004373836796730757,0.005452745594084263,0.010032640770077705
unknown,長 井,346.50284,347.28244,0.779541,,0.009828982874751091,0.0051591601222753525,0.00651776697486639,0.021988626569509506,0.030525214970111847,0.035032786428928375,0.017757590860128403,0.029147768393158913,0.05215255171060562,0.22041192650794983,0.10828125476837158,0.043122805655002594,0.0960133895277977,0.012746171094477177,0.02510860748589039,0.01429725345224142,0.12433484941720963,0.018941720947623253,0.008496531285345554,0.03489474952220917,0.039262376725673676,0.013049967586994171,0.006095072254538536,0.002814820036292076,0.01570393145084381,0.00862097181379795,0.03442225232720375,0.024875225499272346,0.00967909675091505,0.01252430584281683,0.045297060161828995,0.018539441749453545,0.005613433662801981,0.02533593587577343,0.013752967119216919,0.009749324060976505,0.04624028876423836,0.06114884093403816,0.009505089372396469,0.013042861595749855,0.02109980769455433,0.022837165743112564,0.006616510916501284,0.036460764706134796,0.0159588772803545,0.003866832470521331,0.03296807035803795,0.013904971070587635
unknown,か わ い い,350.93665,351.8361,0.8300781,,0.016388507559895515,0.009213740937411785,0.015075973235070705,0.04280412197113037,0.04214870184659958,0.03569883853197098,0.027779383584856987,0.05791088193655014,0.033948756754398346,0.14123500883579254,0.03692737966775894,0.047739867120981216,0.14019937813282013,0.049704331904649734,0.021183304488658905,0.020151948556303978,0.04330212250351906,0.06099117919802666,0.06719932705163956,0.07797525078058243,0.06648564338684082,0.0071949427947402,0.030329765751957893,0.05109873786568642,0.01522580161690712,0.04646172747015953,0.016320956870913506,0.03966086357831955,0.03453194722533226,0.022602304816246033,0.03503371775150299,0.010271648876369,0.005835008341819048,0.013677719049155712,0.028542619198560715,0.01331653818488121,0.11958646774291992,0.06710666418075562,0.025176148861646652,0.03742975741624832,0.014925181865692139,0.024244699627161026,0.033809490501880646,0.09376983344554901,0.024531999602913857,0.049360256642103195,0.023711947724223137,0.007109056226909161
unknown,悲 い,356.86282,357.7221,0.82910156,,0.025947995483875275,0.013829839415848255,0.02399558573961258,0.021786341443657875,0.007036113180220127,0.018470721319317818,0.02035350725054741,0.04010280221700668,0.07846328616142273,0.1768026351928711,0.03802467882633209,0.14968284964561462,0.04841091111302376,0.01847732812166214,0.010885782539844513,0.017427384853363037,0.025705579668283463,0.03712701052427292,0.02765103615820408,0.022843118757009506,0.030610056594014168,0.008911741897463799,0.013816406019032001,0.02297770045697689,0.02246789261698723,0.023602530360221863,0.02589423768222332,0.008340895175933838,0.010543820448219776,0.008956672623753548,0.05685262754559517,0.01525170635432005,0.008266125805675983,0.02740420773625374,0.01605033688247204,0.0045074354857206345,0.1466415524482727,0.020679306238889694,0.014942074194550514,0.03449949622154236,0.01408481691032648,0.03286578506231308,0.02158023975789547,0.013666791841387749,0.011467776261270046,0.028986290097236633,0.020389555022120476,0.005258501041680574
unknown,言 葉,363.7695,364.46912,0.9592285,,0.0186055526137352,0.011896214447915554,0.009231465868651867,0.03047395683825016,0.027404388412833214,0.0148107735440135,0.011513309553265572,0.03560810163617134,0.05973779037594795,0.19383686780929565,0.1401723474264145,0.05629206821322441,0.04425852373242378,0.019408194348216057,0.03842172771692276,0.014172423630952835,0.10754116624593735,0.01992238685488701,0.011830453760921955,0.02395537681877613,0.056617844849824905,0.008087939582765102,0.01875556819140911,0.008884400129318237,0.010392716154456139,0.008934898301959038,0.03574046865105629,0.012814625166356564,0.014328132383525372,0.005759106948971748,0.0966571643948555,0.028985286131501198,0.010848903097212315,0.02449962869286537,0.008156957104802132,0.027358680963516235,0.042826246470212936,0.02115064114332199,0.0067806001752614975,0.019289538264274597,0.04085240885615349,0.012913987040519714,0.011480328626930714,0.01353834755718708,0.01499673817306757,0.023727286607027054,0.022944647818803787,0.01764298602938652
unknown,n a c l,369.07928,370.41766,0.87768555,,0.06536553055047989,0.020549090579152107,0.02515687420964241,0.020338736474514008,0.02000369504094124,0.03135918825864792,0.03034912422299385,0.028029635548591614,0.054527733474969864,0.2521028518676758,0.04522790014743805,0.05464668944478035,0.0446813702583313,0.015199852176010609,0.023035820573568344,0.012782596051692963,0.02993321791291237,0.02597615495324135,0.012378259561955929,0.03526598587632179,0.017700059339404106,0.017230086028575897,0.01479332335293293,0.009177275002002716,0.026172898709774017,0.03158955276012421,0.03572355955839157,0.027453340590000153,0.010640254244208336,0.018578361719846725,0.0731901004910469,0.02993602678179741,0.017723891884088516,0.044187843799591064,0.02201184071600437,0.00988548994064331,0.03521919623017311,0.014243265613913536,0.024618208408355713,0.05663521587848663,0.0170509684830904,0.04184681177139282,0.021779147908091545,0.010557555593550205,0.01891317404806614,0.008493836969137192,0.02581130526959896,0.0054611992090940475
unknown,森,377.07663,377.57663,0.99365234,,0.021930290386080742,0.025659311562776566,0.022389382123947144,0.11668108403682709,0.009752197191119194,0.023461444303393364,0.10991238057613373,0.052915818989276886,0.013019352219998837,0.058363597840070724,0.02225189283490181,0.026961347088217735,0.22130286693572998,0.0050595346838235855,0.026309384033083916,0.013707651756703854,0.040897928178310394,0.004666380118578672,0.00588385621085763,0.0463656522333622,0.0782574862241745,0.029893681406974792,0.010595484636723995,0.005592760629951954,0.032105639576911926,0.011710172519087791,0.13047540187835693,0.029695747420191765,0.009301128797233105,0.018739130347967148,0.2259795069694519,0.05892902985215187,0.026484960690140724,0.010217668488621712,0.006848412565886974,0.03124394826591015,0.05400676652789116,0.020362811163067818,0.02428518980741501,0.0067838928662240505,0.02507784776389599,0.02130335569381714,0.011709822341799736,0.0652223601937294,0.16488896310329437,0.010032149963080883,0.005944863893091679,0.01866811141371727
unknown,マ イ ナ ス で 子,381.58615,382.8843,0.9029134,,0.008479577489197254,0.00721229100599885,0.003891230560839176,0.00976675096899271,0.02302321046590805,0.020652014762163162,0.009426039643585682,0.027771955356001854,0.05764804407954216,0.19759052991867065,0.03774102404713631,0.02095019444823265,0.020728059113025665,0.02164476551115513,0.02378617785871029,0.006943425163626671,0.045243844389915466,0.01973855495452881,0.015795141458511353,0.020233191549777985,0.015819307416677475,0.007564987055957317,0.007299786899238825,0.006343523506075144,0.01106034405529499,0.003696261905133724,0.017005782574415207,0.008191607892513275,0.008029265329241753,0.004800067283213139,0.01607782207429409,0.01066130492836237,0.010317356325685978,0.011630727909505367,0.011784677393734455,0.02147834189236164,0.03271377086639404,0.039854470640420914,0.01675933226943016,0.03886878117918968,0.02193821594119072,0.046131931245326996,0.014674302190542221,0.010929553769528866,0.008414627984166145,0.00439890380948782,0.025343993678689003,0.008268097415566444
unknown,ボ ー ル,386.07224,386.89175,0.8408203,,0.021612683311104774,0.012881255708634853,0.023793531581759453,0.08253168314695358,0.020511267706751823,0.037164848297834396,0.02638128772377968,0.05877527967095375,0.14080527424812317,0.1232215091586113,0.033202607184648514,0.019309891387820244,0.061277564615011215,0.018781915307044983,0.023138869553804398,0.024221401661634445,0.04151427373290062,0.029332667589187622,0.023821698501706123,0.05868862569332123,0.04299554228782654,0.021595418453216553,0.01600601151585579,0.017143530771136284,0.018578562885522842,0.012117407284677029,0.044547878205776215,0.052622780203819275,0.018413489684462547,0.023689862340688705,0.04761025682091713,0.04574836790561676,0.01610397920012474,0.011629367247223854,0.03843532130122185,0.020731642842292786,0.020882079377770424,0.042561016976833344,0.022398803383111954,0.041174549609422684,0.034897830337285995,0.06885876506567001,0.017916038632392883,0.022595370188355446,0.02481348253786564,0.014166203327476978,0.07273568958044052,0.022189373150467873
unknown,キ,393.3412,393.8412,0.48535156,,0.010250595398247242,0.004200733732432127,0.00627818563953042,0.03716571629047394,0.09021224826574326,0.02792506106197834,0.018543610349297523,0.03805232420563698,0.015603568404912949,0.034810423851013184,0.06298201531171799,0.015212824568152428,0.07484260946512222,0.02335229702293873,0.02301178127527237,0.004372463561594486,0.08499039709568024,0.016223495826125145,0.022807272151112556,0.04373892396688461,0.05780312418937683,0.014192337170243263,0.0071969907730817795,0.003116796026006341,0.006542266346514225,0.009891422465443611,0.07322252541780472,0.01869829185307026,0.0037230588495731354,0.008875788189470768,0.07010049372911453,0.022443227469921112,0.004132923204451799,0.008870208635926247,0.009117760695517063,0.02300577238202095,0.051770683377981186,0.021930867806077003,0.00461987592279911,0.007203683722764254,0.02381969429552555,0.009336208924651146,0.004747771192342043,0.048832233995199203,0.04208088666200638,0.002079548081383109,0.02018463797867298,0.021700268611311913
unknown,明 る い,398.47,399.41,0.9970703,,0.012233613058924675,0.00528749218210578,0.009056460112333298,0.02093811333179474,0.059840135276317596,0.10731863230466843,0.016186902299523354,0.03549402207136154,0.06881298869848251,0.08821199089288712,0.015654731541872025,0.013420556671917439,0.044740818440914154,0.01646069809794426,0.005539347883313894,0.0045004598796367645,0.02902231737971306,0.05857786536216736,0.034101493656635284,0.1166132390499115,0.029634956270456314,0.0054891048930585384,0.022252220660448074,0.0125946756452322,0.008681085892021656,0.0033817258663475513,0.01769624464213848,0.0550699457526207,0.020153211429715157,0.03763333708047867,0.015579700469970703,0.0066680614836514,0.003569401567801833,0.004522386472672224,0.04594074562191963,0.003324544755741954,0.035259705036878586,0.007810823619365692,0.002246337942779064,0.03942766413092613,0.0060904729180037975,0.0091000497341156,0.027695078402757645,0.044928424060344696,0.00531373918056488,0.006164840422570705,0.07796171307563782,0.0032688509672880173
unknown,空,404.67,405.17,0.8666992,,0.01018823217600584,0.005452110897749662,0.00602884404361248,0.028142401948571205,0.11764887720346451,0.027596617117524147,0.00831571128219366,0.056620076298713684,0.03722983971238136,0.1266932338476181,0.10258809477090836,0.017328130081295967,0.04703976586461067,0.052639320492744446,0.01872200146317482,0.005894782952964306,0.16991817951202393,0.038275111466646194,0.03423403576016426,0.05213640630245209,0.04553256183862686,0.009975925087928772,0.021887412294745445,0.007004177663475275,0.006360258441418409,0.02664092928171158,0.03287243843078613,0.016564618796110153,0.013529936783015728,0.008665796369314194,0.07049691677093506,0.01720137894153595,0.0054528433829545975,0.010530958883464336,0.01299159787595272,0.019130751490592957,0.04843749478459358,0.06021702662110329,0.006978233810514212,0.01634932868182659,0.021851062774658203,0.017714912071824074,0.014882931485772133,0.02678370103240013,0.014448219910264015,0.01884724572300911,0.02066316083073616,0.01516538206487894
unknown,チ ュ ー リ ッ プ,410.67,411.61002,0.98917645,,0.05880022048950195,0.03746534883975983,0.02623067796230316,0.10204644501209259,0.014095393009483814,0.014946377836167812,0.02063830941915512,0.03152242302894592,0.015667524188756943,0.07938015460968018,0.04490198567509651,0.023197194561362267,0.011666149832308292,0.013406322337687016,0.03711999952793121,0.02134058251976967,0.07916128635406494,0.01126120239496231,0.01451041642576456,0.016373377293348312,0.009322893805801868,0.02236613631248474,0.010207587853074074,0.004798315931111574,0.014627448283135891,0.011383621953427792,0.10320957005023956,0.011248196475207806,0.006451164837926626,0.009566513821482658,0.11046812683343887,0.0625649094581604,0.03149006888270378,0.013087267056107521,0.006625898648053408,0.0507613942027092,0.028929149731993675,0.020314544439315796,0.014042823575437069,0.007923412136733532,0.09377561509609222,0.03157774358987808,0.009347702376544476,0.009418454021215439,0.033429279923439026,0.008515862748026848,0.010546345263719559,0.04093656688928604
unknown,硬 い,416.64233,417.46213,0.9838867,,0.009085312485694885,0.007413323502987623,0.009695231914520264,0.021897224709391594,0.04791728034615517,0.024959508329629898,0.013732099905610085,0.06893890351057053,0.05457285791635513,0.14703074097633362,0.05212799832224846,0.045692697167396545,0.07623421400785446,0.024725530296564102,0.01122764777392149,0.012941403314471245,0.03736773878335953,0.04808899387717247,0.035561032593250275,0.06892111897468567,0.04199426993727684,0.007517075166106224,0.01549108512699604,0.016438208520412445,0.008991223759949207,0.009929443709552288,0.03735313564538956,0.019931698217988014,0.016368499025702477,0.013438723050057888,0.03818603605031967,0.012536918744444847,0.006058801896870136,0.010615690611302853,0.03492525592446327,0.002905057743191719,0.07830128073692322,0.020093226805329323,0.005123180337250233,0.037040602415800095,0.012653298676013947,0.010371020063757896,0.020764991641044617,0.03273230046033859,0.00678933085873723,0.022200146690011024,0.077671118080616,0.0029918646905571222
unknown,飲 む も の,422.87823,423.77798,0.89819336,,0.011539160273969173,0.0087345652282238,0.00867569912225008,0.019107969477772713,0.05066981539130211,0.022770166397094727,0.008963952772319317,0.024620570242404938,0.05352701246738434,0.13118551671504974,0.10289324074983597,0.027064869180321693,0.0296237263828516,0.011630568653345108,0.01831674575805664,0.011150645092129707,0.17942702770233154,0.016204047948122025,0.010529745370149612,0.034522440284490585,0.05705660954117775,0.01364135555922985,0.009309829212725163,0.004945824854075909,0.010519325733184814,0.006086097564548254,0.062068868428468704,0.018550731241703033,0.006452101748436689,0.009216340258717537,0.06364269554615021,0.03688756003975868,0.012974875047802925,0.02775317057967186,0.013626261614263058,0.024354280903935432,0.01827317476272583,0.014525806531310081,0.008812109008431435,0.018502788618206978,0.02502775378525257,0.013321957550942898,0.010777778923511505,0.010731209069490433,0.011122047901153564,0.00926362257450819,0.05446714907884598,0.02269584685564041
unknown,嫌 だ,428.6886,429.34836,0.9482422,,0.014619485475122929,0.006463772151619196,0.007126085925847292,0.03594176471233368,0.07830996066331863,0.020197009667754173,0.013464593328535557,0.04182617366313934,0.05628965049982071,0.09588411450386047,0.062319401651620865,0.017529558390378952,0.01778245158493519,0.04556356370449066,0.03399825841188431,0.004257963504642248,0.14739198982715607,0.04579554870724678,0.030273810029029846,0.03251795843243599,0.01829853467643261,0.012417156249284744,0.016360150650143623,0.010029437020421028,0.00771458400413394,0.018961388617753983,0.0510181188583374,0.013110370375216007,0.012397900223731995,0.009292779490351677,0.0448639951646328,0.023737333714962006,0.006339710205793381,0.020891595631837845,0.01473825704306364,0.02063019946217537,0.043107420206069946,0.06508167088031769,0.008181532844901085,0.021633567288517952,0.040641870349645615,0.016304075717926025,0.011652842164039612,0.016941281035542488,0.016780005767941475,0.015071961097419262,0.044848255813121796,0.031112806871533394
unknown,美 チ の も モ,436.3163,437.33548,0.6168457,,0.02808750793337822,0.008989378809928894,0.010403868742287159,0.015475100837647915,0.03232470899820328,0.0337146632373333,0.01215080451220274,0.02496831677854061,0.01763310842216015,0.2771216928958893,0.22588175535202026,0.0578104592859745,0.0462566576898098,0.012073669582605362,0.017266256734728813,0.00832189992070198,0.15058942139148712,0.01203581877052784,0.006630957592278719,0.02027199976146221,0.03430044278502464,0.0075489673763513565,0.007353540509939194,0.004846683703362942,0.010244184173643589,0.004041040316224098,0.05746913701295853,0.02205738052725792,0.004356815479695797,0.010938066057860851,0.1275354027748108,0.027792425826191902,0.009643723256886005,0.022713767364621162,0.005102473311126232,0.01425531692802906,0.016935518011450768,0.010041356086730957,0.005813290365040302,0.009956607595086098,0.016729013994336128,0.006228518672287464,0.005562792532145977,0.009234655648469925,0.008813057094812393,0.010314714163541794,0.010109561495482922,0.012187923304736614
unknown,本,452.605,453.105,0.9848633,,0.005302145145833492,0.005938887596130371,0.005501395557075739,0.03251258656382561,0.05803368240594864,0.055497266352176666,0.01951962150633335,0.03668851777911186,0.03056752309203148,0.059985723346471786,0.02863522432744503,0.011682400479912758,0.05957723408937454,0.010654724203050137,0.02059096470475197,0.010751957073807716,0.07280123978853226,0.013604496605694294,0.015259835869073868,0.08557138592004776,0.017114082351326942,0.010604890994727612,0.008377479389309883,0.010294834151864052,0.010200684890151024,0.006265174597501755,0.046691469848155975,0.07239800691604614,0.006370507646352053,0.025533247739076614,0.040335677564144135,0.022836623713374138,0.005139968357980251,0.011102687567472458,0.02995985746383667,0.01253866869956255,0.027121808379888535,0.03938231244683266,0.005721298512071371,0.022813860327005386,0.022282104939222336,0.011212377808988094,0.007279013749212027,0.047018375247716904,0.03401249274611473,0.00889863632619381,0.028472356498241425,0.01614355482161045
unknown,白 い,458.58002,459.36002,0.99853516,,0.014005457982420921,0.009309754706919193,0.02594773843884468,0.019412057474255562,0.09487126767635345,0.009428446181118488,0.017230601981282234,0.050669774413108826,0.04171077907085419,0.03269367665052414,0.012513414025306702,0.019818015396595,0.08581969141960144,0.0390155054628849,0.013701052404940128,0.03041060082614422,0.014392714947462082,0.06783153861761093,0.06653265655040741,0.024423357099294662,0.015532610937952995,0.009561676532030106,0.054189249873161316,0.003700790461152792,0.007485724985599518,0.017763646319508553,0.02126210927963257,0.008252798579633236,0.017256103456020355,0.01674344763159752,0.03218645602464676,0.009026192128658295,0.008729727938771248,0.01509805303066969,0.009435990825295448,0.010247251018881798,0.02757027931511402,0.007521117106080055,0.0111232940107584,0.02010335959494114,0.010704218409955502,0.04545998200774193,0.0318923220038414,0.049532465636730194,0.0036939720157533884,0.0036988388746976852,0.012387070804834366,0.005488920956850052
unknown,密,465.30002,465.80002,0.78271484,,0.019862663000822067,0.011206439696252346,0.015266744419932365,0.026352452114224434,0.03857571259140968,0.015403421595692635,0.015488438308238983,0.03408133238554001,0.04226337745785713,0.2383563369512558,0.08657611161470413,0.034653257578611374,0.056239426136016846,0.02607545629143715,0.03592028096318245,0.0224655419588089,0.1011335626244545,0.0359734371304512,0.018861912190914154,0.023815913125872612,0.0372609980404377,0.01166599802672863,0.0121862618252635,0.0080265449360013,0.0148977255448699,0.01440979354083538,0.028288939967751503,0.009421148337423801,0.015575089491903782,0.007913871668279171,0.08441806584596634,0.02343131974339485,0.009165705181658268,0.013388336636126041,0.010006971657276154,0.02320009469985962,0.04571102187037468,0.01849723421037197,0.015499778091907501,0.01617388054728508,0.04063020646572113,0.047057606279850006,0.021423013880848885,0.021054835990071297,0.02256178669631481,0.007496105972677469,0.03515665605664253,0.01178979966789484
unknown,肉,470.90726,471.40726,0.99658203,,0.026807371526956558,0.027361664921045303,0.02389381267130375,0.11893793940544128,0.021767498925328255,0.017220741137862206,0.03383675590157509,0.043300870805978775,0.03418537229299545,0.1865437626838684,0.039831485599279404,0.020631810650229454,0.05440722033381462,0.016431378200650215,0.029715407639741898,0.04164574667811394,0.05094018578529358,0.016390711069107056,0.020122794434428215,0.04620160907506943,0.03172309696674347,0.027694445103406906,0.012236564420163631,0.0075600966811180115,0.024039430543780327,0.013672440312802792,0.060437995940446854,0.01515916083008051,0.007496931124478579,0.019321629777550697,0.09268410503864288,0.0659387931227684,0.02335686981678009,0.013304570689797401,0.014327176846563816,0.01503522414714098,0.02230733633041382,0.037232622504234314,0.02300713025033474,0.01193294022232294,0.03929492458701134,0.05634661018848419,0.015347047708928585,0.029750822111964226,0.029523300006985664,0.005141487345099449,0.0443110428750515,0.01048304233700037
unknown,バ レ ー,476.45578,477.2352,0.9630534,,0.014940757304430008,0.004524898715317249,0.009669101797044277,0.07183489203453064,0.05732515826821327,0.015342862345278263,0.019908210262656212,0.047543592751026154,0.10798891633749008,0.14660274982452393,0.08054407685995102,0.02518174797296524,0.05001678690314293,0.06713517010211945,0.07472449541091919,0.004630876239389181,0.11567649245262146,0.08062146604061127,0.0329151451587677,0.025974664837121964,0.059003278613090515,0.016657546162605286,0.029092466458678246,0.003479565493762493,0.013058844022452831,0.009350534528493881,0.046740755438804626,0.008875523693859577,0.015335763804614544,0.006894996389746666,0.07164939492940903,0.015973595902323723,0.005348342936486006,0.012148058041930199,0.011665179394185543,0.0499686673283577,0.10701095312833786,0.10442694276571274,0.008021928369998932,0.008848411031067371,0.09683863818645477,0.02184835821390152,0.016211917623877525,0.03190673515200615,0.0307963564991951,0.0040356311947107315,0.042126622051000595,0.057208746671676636
unknown,嫌 な 感 情,483.57748,484.6767,0.8845215,,0.040864136070013046,0.01982114277780056,0.014918005093932152,0.02338302694261074,0.04797528311610222,0.015377731993794441,0.01962805725634098,0.02152629941701889,0.07056263089179993,0.29148805141448975,0.12647759914398193,0.04646497964859009,0.02945028617978096,0.025509798899292946,0.04525072127580643,0.014095867052674294,0.1388895958662033,0.024901749566197395,0.025361839681863785,0.01796131394803524,0.03598222881555557,0.013782787136733532,0.009917662478983402,0.010351192206144333,0.017696674913167953,0.012191731482744217,0.03355458006262779,0.014656520448625088,0.007893411442637444,0.012536432594060898,0.07829467952251434,0.025317424908280373,0.02306736633181572,0.025871146470308304,0.019301602616906166,0.020614271983504295,0.0951719731092453,0.048220954835414886,0.03239303454756737,0.016449974849820137,0.04962464049458504,0.0544462613761425,0.008103770203888416,0.010684366337954998,0.015001188032329082,0.01917926035821438,0.07478973269462585,0.012362217530608177
unknown,と て も い い,489.36987,490.50903,0.97753906,,0.08611397445201874,0.06014275923371315,0.04689512401819229,0.05784567818045616,0.006414433475583792,0.00926042627543211,0.07123447954654694,0.01736435666680336,0.07195059955120087,0.12003852427005768,0.021149760112166405,0.030222691595554352,0.015368856489658356,0.010517000220716,0.08821539580821991,0.0221688412129879,0.07797793298959732,0.011936673894524574,0.004083198960870504,0.008001377806067467,0.028822021558880806,0.03492329269647598,0.007333678659051657,0.005827118176966906,0.020252885296940804,0.053489334881305695,0.11308611929416656,0.0023021686356514692,0.005783905275166035,0.0019378423457965255,0.18332542479038239,0.10602234303951263,0.0387459360063076,0.026723327115178108,0.006989032495766878,0.03033742681145668,0.05518054962158203,0.037738338112831116,0.011093425564467907,0.010392927564680576,0.09878867864608765,0.010494343936443329,0.0055379727855324745,0.005895175039768219,0.04693012684583664,0.011384108103811741,0.050147946923971176,0.031770892441272736
unknown,勉 強,494.32333,495.02307,0.76000977,,0.02741830050945282,0.01574866659939289,0.0114360973238945,0.017125369980931282,0.01685587503015995,0.01041352842003107,0.01819903589785099,0.013041003607213497,0.14887574315071106,0.27540192008018494,0.1139243096113205,0.04399503394961357,0.013516925275325775,0.007386831566691399,0.02535364031791687,0.026602085679769516,0.1336439549922943,0.025014571845531464,0.004268753342330456,0.01911604218184948,0.01931772008538246,0.016031358391046524,0.007705331314355135,0.004363681189715862,0.02464883029460907,0.004418066702783108,0.04150927811861038,0.018738308921456337,0.0075116814114153385,0.012328259646892548,0.05563640221953392,0.04220522567629814,0.012547696009278297,0.030004842206835747,0.011602913029491901,0.029724981635808945,0.025074191391468048,0.03954112157225609,0.01690475270152092,0.018061570823192596,0.04141892120242119,0.020978935062885284,0.0063273003324866295,0.004892281722277403,0.007002850994467735,0.007017373573035002,0.10621342808008194,0.015330425463616848
unknown,海,501.175,501.675,0.4074707,,0.023181870579719543,0.01956719532608986,0.017696356400847435,0.05240786448121071,0.010979766957461834,0.014808261767029762,0.017143482342362404,0.04880999028682709,0.08480215817689896,0.13796310126781464,0.040624286979436874,0.024939386174082756,0.0327928364276886,0.009582615457475185,0.025505635887384415,0.017615148797631264,0.03877471014857292,0.015875473618507385,0.017444252967834473,0.021364646032452583,0.011805306188762188,0.017702922224998474,0.008914390578866005,0.006716644857078791,0.02418999932706356,0.004925792571157217,0.047071970999240875,0.01573697105050087,0.006913411896675825,0.006040448322892189,0.07387286424636841,0.04634051024913788,0.020930496975779533,0.019830750301480293,0.011969092302024364,0.016099268570542336,0.03458266332745552,0.01661718636751175,0.029994716867804527,0.015429082326591015,0.027960656210780144,0.05668410658836365,0.008937222883105278,0.014919145032763481,0.022331876680254936,0.0053983102552592754,0.042499247938394547,0.008935301564633846
unknown,ペ キ,506.415,507.155,0.47790527,,0.07555931806564331,0.023868940770626068,0.04223014414310455,0.06058170646429062,0.008544296026229858,0.006223713513463736,0.016530891880393028,0.02768772281706333,0.13170212507247925,0.30547472834587097,0.013282887637615204,0.01086340006440878,0.02068786695599556,0.0075243813917040825,0.3065226674079895,0.005834657698869705,0.018313653767108917,0.007586577907204628,0.003680797526612878,0.007458689622581005,0.01817064918577671,0.014068659394979477,0.007336360402405262,0.0048668887466192245,0.014654646627604961,0.007828997448086739,0.021991660818457603,0.007294517941772938,0.004281766712665558,0.0026243776082992554,0.04955810308456421,0.09548220038414001,0.024807067587971687,0.011089653708040714,0.00681369798257947,0.023641590029001236,0.01066347025334835,0.4116498827934265,0.008020361885428429,0.010793016292154789,0.28041934967041016,0.013587631285190582,0.0048880684189498425,0.003918718546628952,0.026138730347156525,0.006013875361531973,0.04671768844127655,0.04608821123838425
unknown,塗 る,514.1388,514.79846,0.6817627,,0.021134892478585243,0.016298716887831688,0.0142649682238698,0.11369167268276215,0.02313132770359516,0.029242055490612984,0.02515324018895626,0.061988506466150284,0.04294585436582565,0.1556384563446045,0.038622062653303146,0.014894320629537106,0.09852475672960281,0.014884387142956257,0.05273798480629921,0.008331499993801117,0.0538104884326458,0.015740780159831047,0.012905488722026348,0.04408220201730728,0.07013819366693497,0.02529817819595337,0.010504921898245811,0.00549793615937233,0.018268154934048653,0.009704574942588806,0.09605160355567932,0.025710508227348328,0.006700177676975727,0.012929718010127544,0.11758952587842941,0.09822645038366318,0.022197328507900238,0.00643095001578331,0.013890939764678478,0.02637718990445137,0.01089036837220192,0.03993784263730049,0.02702564001083374,0.008152836933732033,0.07077804207801819,0.027826108038425446,0.009740892797708511,0.02685520611703396,0.04560444504022598,0.005301051773130894,0.03897612914443016,0.0167365912348032
unknown,し ま い,518.8088,519.6281,0.7801921,,0.011842639185488224,0.009109591133892536,0.0075021227821707726,0.04978354647755623,0.14391429722309113,0.04621462523937225,0.011794746853411198,0.03986950218677521,0.034570660442113876,0.14413399994373322,0.04545089602470398,0.04766666516661644,0.06927984207868576,0.09396571666002274,0.013222449459135532,0.014736887067556381,0.05509154498577118,0.08186671882867813,0.08629529923200607,0.07955162227153778,0.04227738082408905,0.006858935579657555,0.021011957898736,0.015913240611553192,0.012292626313865185,0.022405389696359634,0.021359888836741447,0.03544041886925697,0.023246003314852715,0.02509826235473156,0.024067185819149017,0.01428194809705019,0.006062377244234085,0.01081781554967165,0.018105659633874893,0.022001661360263824,0.08277006447315216,0.02177625149488449,0.007694407366216183,0.04627795144915581,0.01722133159637451,0.0338643342256546,0.05683017522096634,0.04658679664134979,0.011931504122912884,0.021576890721917152,0.021782228723168373,0.014013891108334064
unknown,南 書,525.653,526.4328,0.2855835,,0.013280145823955536,0.0072157122194767,0.006198698189109564,0.018020033836364746,0.0873592421412468,0.02989148162305355,0.009968710131943226,0.020604100078344345,0.05894378572702408,0.11211536824703217,0.04125842824578285,0.014447846449911594,0.02586086466908455,0.023096686229109764,0.02394983172416687,0.016429923474788666,0.11414312571287155,0.059413276612758636,0.03361213579773903,0.06498555839061737,0.02426697127521038,0.009378264658153057,0.01489812321960926,0.008460523560643196,0.008183851838111877,0.010054953396320343,0.033161990344524384,0.029240474104881287,0.015676362439990044,0.014616100117564201,0.025785038247704506,0.023599671199917793,0.012803039513528347,0.013975349254906178,0.04369732365012169,0.01983761414885521,0.03255226090550423,0.028216857463121414,0.011134069412946701,0.05185941979289055,0.024602528661489487,0.022794296965003014,0.02065029926598072,0.02646883949637413,0.009361332282423973,0.009869369678199291,0.07274936884641647,0.013774529099464417
unknown,色,532.44806,532.94806,0.97753906,,0.0049737500958144665,0.0032319948077201843,0.006594016682356596,0.03154408186674118,0.14975398778915405,0.04459648206830025,0.014912022277712822,0.04240405932068825,0.017787884920835495,0.04478380084037781,0.060481321066617966,0.015773696824908257,0.1320701241493225,0.02430303767323494,0.010303969494998455,0.0036210825201123953,0.08741980046033859,0.021184692159295082,0.02833796851336956,0.0737234428524971,0.054768823087215424,0.008583718910813332,0.010912267491221428,0.005056050606071949,0.006831457372754812,0.007316679693758488,0.06892520189285278,0.03855499252676964,0.003647618694230914,0.01941664144396782,0.07166904211044312,0.013652659021317959,0.002750624669715762,0.00744181452319026,0.010511809960007668,0.012200139462947845,0.032327353954315186,0.011970357038080692,0.0037765714805573225,0.00954557117074728,0.01330780889838934,0.006224339362233877,0.006676846649497747,0.0529538132250309,0.02677496150135994,0.005613368004560471,0.01279585063457489,0.011073527857661247
unknown,カ ル ピ ス,537.9385,538.8779,0.9884033,,0.028119632974267006,0.011381181888282299,0.020108483731746674,0.06624989211559296,0.0363701730966568,0.022210175171494484,0.01823623664677143,0.02394244633615017,0.040030695497989655,0.20959025621414185,0.12854574620723724,0.031888000667095184,0.0311856959015131,0.02041984722018242,0.0349922850728035,0.022707752883434296,0.17045940458774567,0.01464984379708767,0.01875203102827072,0.022071007639169693,0.03894316032528877,0.023387445136904716,0.007295488379895687,0.004419845528900623,0.016740664839744568,0.008487917482852936,0.0665694922208786,0.02464418113231659,0.007121982052922249,0.01095624826848507,0.07585005462169647,0.04177870973944664,0.012123660184442997,0.007679668255150318,0.015434984117746353,0.025629961863160133,0.037739355117082596,0.04242607578635216,0.00915360264480114,0.008814330212771893,0.05877288803458214,0.01821206882596016,0.006319636944681406,0.011214049533009529,0.02176499180495739,0.0064979419112205505,0.03011174686253071,0.03515990078449249
unknown,戦 争,542.77234,543.5919,0.9602051,,0.02590234950184822,0.007586561143398285,0.006672173272818327,0.022866206243634224,0.011855589225888252,0.047830406576395035,0.013233337551355362,0.04850812628865242,0.10495658963918686,0.1374862641096115,0.03379763662815094,0.030647313222289085,0.07330137491226196,0.010245579294860363,0.01395062543451786,0.020791202783584595,0.022129012271761894,0.0404471717774868,0.010719181038439274,0.0405852310359478,0.031427547335624695,0.008725031279027462,0.018982132896780968,0.007216939702630043,0.011893732473254204,0.0043336572125554085,0.038109954446554184,0.02405356615781784,0.01094865519553423,0.018373969942331314,0.06472918391227722,0.024146342650055885,0.012849253602325916,0.03497621789574623,0.01584438979625702,0.0045896549709141254,0.025952795520424843,0.02342107705771923,0.010544542223215103,0.036183811724185944,0.01725798286497593,0.01268625445663929,0.009330800734460354,0.025230836123228073,0.02674229070544243,0.01395905576646328,0.0431908443570137,0.0068846107460558414
unknown,布 団,556.295,556.915,0.99902344,,0.003991093020886183,0.0024104558397084475,0.0026835838798433542,0.015345648862421513,0.3271995782852173,0.041429661214351654,0.007088919170200825,0.02715393900871277,0.02152869664132595,0.06739155203104019,0.05959299951791763,0.00814279355108738,0.07045576721429825,0.047615207731723785,0.010351087898015976,0.003288487670943141,0.1324785202741623,0.034879833459854126,0.057780757546424866,0.08520178496837616,0.03048265352845192,0.005853602197021246,0.012039801105856895,0.005882401019334793,0.0035594075452536345,0.007031532004475594,0.021938582882285118,0.06822540611028671,0.010226556099951267,0.027202274650335312,0.02730860374867916,0.006380152888596058,0.0021310702431946993,0.007883165962994099,0.025667063891887665,0.01842910796403885,0.014452745206654072,0.013995315879583359,0.0026534865610301495,0.019740650430321693,0.010911745019257069,0.007586625404655933,0.011457826010882854,0.06041809543967247,0.008074796758592129,0.005062153097242117,0.018762078136205673,0.01652967371046543
unknown,お ち 貴,560.935,561.835,0.58829755,,0.038449227809906006,0.020559854805469513,0.025633662939071655,0.0337885357439518,0.01552943978458643,0.009978660382330418,0.033896554261446,0.015958696603775024,0.04356535151600838,0.1775582730770111,0.11354788392782211,0.029774446040391922,0.039090100675821304,0.007981096394360065,0.050256308168172836,0.011308539658784866,0.1233610138297081,0.007062983699142933,0.0037887110374867916,0.009096985682845116,0.02226945385336876,0.026502421125769615,0.002132175024598837,0.0023175727110356092,0.025353696197271347,0.007629665546119213,0.1254144012928009,0.010562136769294739,0.002586995018646121,0.00466228136792779,0.16151070594787598,0.06783677637577057,0.02052934840321541,0.01779829151928425,0.005927863996475935,0.05279257893562317,0.0318492129445076,0.03494111821055412,0.010020541027188301,0.006006614305078983,0.06192956492304802,0.024384673684835434,0.0029345755465328693,0.009495865553617477,0.048695966601371765,0.004064664244651794,0.013351731933653355,0.03045804798603058
unknown,飾 る,566.615,567.315,0.98999023,,0.015605018474161625,0.010896887630224228,0.011523355729877949,0.03691748157143593,0.05426754057407379,0.02619459107518196,0.013770094141364098,0.06348143517971039,0.08302593231201172,0.2500796616077423,0.12858371436595917,0.035777729004621506,0.07244444638490677,0.01957225613296032,0.026408979669213295,0.018809061497449875,0.11195512861013412,0.032922036945819855,0.020279154181480408,0.04744894802570343,0.04763735085725784,0.02055453509092331,0.015245593152940273,0.005989623721688986,0.016278430819511414,0.006093254312872887,0.05354288965463638,0.034415751695632935,0.017067866399884224,0.01701699197292328,0.07366572320461273,0.06125399097800255,0.01495667640119791,0.01367108803242445,0.018108632415533066,0.012851852923631668,0.015692856162786484,0.038638629019260406,0.013056463561952114,0.024255577474832535,0.028713425621390343,0.03167151287198067,0.010593571700155735,0.016995927318930626,0.016065653413534164,0.010539879091084003,0.04867146164178848,0.0112875085324049
unknown,運 ん で く る,575.19,576.09,0.97734374,,0.026217132806777954,0.015879815444350243,0.0270578321069479,0.021228330209851265,0.034556735306978226,0.01816408336162567,0.0357031524181366,0.0061706556007266045,0.031091606244444847,0.3771076798439026,0.1346677839756012,0.02884400635957718,0.010743435472249985,0.0072705307975411415,0.026304347440600395,0.007205238565802574,0.13626134395599365,0.005589229986071587,0.008046704344451427,0.02828599512577057,0.004883991554379463,0.031226884573698044,0.002302750013768673,0.004799026995897293,0.0364963561296463,0.0013458728790283203,0.08736662566661835,0.030486807227134705,0.007661554962396622,0.026932306587696075,0.11885584890842438,0.03496088460087776,0.013435709290206432,0.011728568002581596,0.009867762215435505,0.02163645625114441,0.014992070384323597,0.01607871614396572,0.006790786050260067,0.01169640850275755,0.03591538593173027,0.015291146002709866,0.004023054614663124,0.009083999320864677,0.008562694303691387,0.006026214919984341,0.05456803739070892,0.009748362936079502
unknown,悲 し い こ と,580.07,581.09,0.95625,,0.012802929617464542,0.005544522311538458,0.003838681150227785,0.016995299607515335,0.00739244744181633,0.017536798492074013,0.011198854073882103,0.061318669468164444,0.019079212099313736,0.063551165163517,0.01425502635538578,0.0907554179430008,0.29465529322624207,0.008255994878709316,0.007535841315984726,0.0021372507326304913,0.005889917723834515,0.026677578687667847,0.009286196902394295,0.016554487869143486,0.20466499030590057,0.002809289377182722,0.01888180896639824,0.01542703527957201,0.003301223274320364,0.00842822901904583,0.012161594815552235,0.004550969693809748,0.012545237317681313,0.0033114913385361433,0.040934015065431595,0.0071113221347332,0.008531665429472923,0.03305666893720627,0.006002867128700018,0.0022268155589699745,0.0725342184305191,0.004792313557118177,0.013431131839752197,0.02188783511519432,0.005234397016465664,0.008187700062990189,0.012342206202447414,0.038649387657642365,0.022741051390767097,0.053280677646398544,0.005909611936658621,0.0007797059952281415
unknown,う さ ぎ,584.805,585.665,0.7003581,,0.045276980847120285,0.02065596543252468,0.01421085000038147,0.03370516002178192,0.035389747470617294,0.011248025111854076,0.015059186145663261,0.017336491495370865,0.02328910492360592,0.17743690311908722,0.07674897462129593,0.03216946870088577,0.024975186213850975,0.014449626207351685,0.057661231607198715,0.02559848688542843,0.13669392466545105,0.028522606939077377,0.008600452914834023,0.017602140083909035,0.02529246173799038,0.04111791029572487,0.006040651351213455,0.0035668935161083937,0.019627360627055168,0.013107942417263985,0.17844337224960327,0.007631702348589897,0.008694250136613846,0.00551389716565609,0.12573495507240295,0.09679331630468369,0.019296256825327873,0.03631553426384926,0.0064867474138736725,0.04112355783581734,0.0387982502579689,0.07699135690927505,0.01634310930967331,0.011011332273483276,0.06701748818159103,0.036134883761405945,0.008617832325398922,0.015060354955494404,0.03532186150550842,0.00598500669002533,0.028611812740564346,0.030312541872262955
unknown,洗 濯 も の,590.88495,592.06494,0.788208,,0.021056247875094414,0.01102871261537075,0.011966869235038757,0.00754957552999258,0.0014045756543055177,0.004789051134139299,0.01898352988064289,0.010634797625243664,0.034761007875204086,0.2436799854040146,0.1472916603088379,0.05365836247801781,0.013803740032017231,0.001460468047298491,0.017622560262680054,0.02836930751800537,0.10408526659011841,0.0024754221085458994,0.0014147361507639289,0.005168937612324953,0.013590618968009949,0.006191810127347708,0.0016079917550086975,0.0006907071801833808,0.01403980702161789,0.0008241379400715232,0.06113998964428902,0.003465187270194292,0.0008572046644985676,0.0019546879921108484,0.21400785446166992,0.029646480455994606,0.010916372761130333,0.00853186659514904,0.0007643508142791688,0.010118696838617325,0.009355532936751842,0.0038891909644007683,0.0026580477133393288,0.0017644771141931415,0.014242472127079964,0.004866392817348242,0.0008312391000799835,0.0020766041707247496,0.020021729171276093,0.003393786493688822,0.020989011973142624,0.004748712759464979
unknown,傷 つ け た く な い こ と,598.4903,600.1073,0.97488064,,0.012762892991304398,0.007543778046965599,0.004751046188175678,0.02814772166311741,0.05483788624405861,0.09179730713367462,0.005290464032441378,0.08752219378948212,0.04742122441530228,0.0657215565443039,0.04072069004178047,0.04789922758936882,0.04862208291888237,0.09873737394809723,0.011062712408602238,0.015172495506703854,0.07229015231132507,0.09290698170661926,0.06916644424200058,0.14161863923072815,0.2319362461566925,0.00659899553284049,0.0402541346848011,0.06861351430416107,0.0030855443328619003,0.015856552869081497,0.027877861633896828,0.03839153051376343,0.05397588014602661,0.007422933354973793,0.053884077817201614,0.017060108482837677,0.008980076760053635,0.009200114756822586,0.04932499676942825,0.015407231636345387,0.019102003425359726,0.009738055057823658,0.011515811085700989,0.045090869069099426,0.017979072406888008,0.01701882854104042,0.03182586655020714,0.01882122829556465,0.006588546559214592,0.12547533214092255,0.2973470687866211,0.003348365891724825
