5.304787	0.879168	3.433636	6.911911	1.077672	53.548424	8.764480	37.024301	71.046337	14.558012	3.229842	0.637079	1.682495	4.673365	0.708045
5.098921	0.969028	3.219574	6.911911	1.391956	49.468733	8.659712	33.475236	71.046337	12.689803	3.377832	0.564572	2.277987	4.673365	0.723262
4.605101	1.098831	2.692932	7.329764	1.437596	50.080237	7.339858	33.475236	64.511831	10.971796	3.224715	0.367284	2.618219	4.084315	0.465705
4.824802	1.223522	2.692932	7.329764	1.666499	53.173693	7.546910	40.373372	67.514588	8.271730	3.089069	0.473979	2.135864	4.338748	0.518569
5.146155	0.940779	3.301799	7.009875	1.461393	51.026771	8.227593	38.726186	67.514588	11.417095	2.884140	0.575883	1.859068	4.338748	0.873355
4.804740	0.934140	2.795900	6.372714	1.260539	48.639472	7.487176	37.097159	67.277460	12.904596	2.690102	0.496200	1.859068	3.942999	0.702962
4.479965	0.912645	2.734134	6.468843	1.289517	49.574303	8.456620	32.367864	65.668956	12.005471	2.632704	0.490621	1.696228	3.533385	0.706823
4.913075	1.111957	2.734134	8.200532	1.484678	51.886870	7.995893	32.367864	65.668956	10.585430	2.808337	0.500751	1.696228	3.802470	0.546939
5.178733	1.153018	2.564218	8.200532	1.105080	50.719809	7.396761	37.129161	64.854339	11.399934	3.131642	0.374595	2.619936	3.802470	0.716734
5.143989	1.133160	2.564218	7.411007	1.388969	47.406124	7.786181	31.401055	64.854339	10.028094	3.294213	0.415825	2.646254	4.129572	0.706881
4.814415	1.069357	2.935722	7.411007	1.067958	49.023650	8.976481	31.401055	65.931331	12.214308	3.228613	0.457057	2.327645	4.129572	0.706881
4.851443	1.000146	2.935722	7.151732	1.486295	51.403739	7.492353	36.401048	65.931331	10.147406	3.043799	0.528625	1.768351	3.789262	0.655213
5.389036	0.965898	3.540391	7.412100	1.232078	50.141506	5.993260	40.956852	64.626305	8.556132	2.909364	0.565131	1.768351	4.100827	0.742650
5.194191	1.188932	2.500868	8.241511	1.471972	48.791649	7.442919	34.295727	64.626305	9.687497	2.834471	0.518753	1.726476	4.100827	0.474508
4.794656	1.192365	2.500868	8.241511	1.482029	48.428319	6.397278	34.295727	61.476443	9.296308	2.736907	0.552737	1.624120	3.809565	0.736487
4.975377	0.969087	2.848738	6.783872	1.538740	51.341185	6.832931	39.238521	66.646897	8.965279	2.857975	0.554075	1.624120	3.730275	0.896890
5.317451	0.796142	4.029255	7.373090	1.142023	52.783005	7.117139	39.238521	66.646897	8.783176	3.017464	0.473243	1.961844	3.830716	0.603216
5.168273	1.033122	1.594224	7.373090	0.988085	49.904225	5.723128	38.975957	61.828250	7.957285	3.160105	0.513638	2.121501	4.428864	0.534960
4.816270	1.074313	1.594224	6.851614	1.624643	47.475875	7.295802	28.482243	66.231822	7.809740	3.273076	0.511172	2.169233	4.428864	0.486491
4.502147	0.929328	2.369570	6.851614	1.167464	48.849778	8.124738	28.482243	66.231822	9.463279	3.218659	0.525309	2.169233	4.232114	0.630866
4.826439	1.216260	2.369570	7.232879	1.962138	50.952307	7.069543	35.903805	64.818237	8.619488	3.062396	0.500711	2.256317	4.121621	0.751000
5.451631	1.107795	3.253699	7.525923	1.461095	50.952058	7.248239	35.386990	65.600879	8.602452	2.823794	0.432039	1.650189	3.989813	0.601362
5.191642	0.969215	2.004764	7.525923	0.877000	50.180258	6.428233	35.386990	65.600879	7.472881	2.548992	0.486694	1.489223	3.265234	0.484767
4.733691	0.849399	2.004764	6.150373	1.055244	49.163718	7.283026	34.533882	63.101145	9.853896	2.664043	0.661834	1.489223	4.257832	0.756125
5.007988	1.083125	2.721099	7.353208	1.434613	51.790076	8.428844	34.533882	63.801834	14.452050	2.981115	0.636764	1.749169	4.257832	0.992972
5.305362	1.185147	3.135560	7.525603	1.614323	52.362520	6.766971	39.890425	63.801834	11.226555	3.197011	0.555621	2.020441	4.262861	0.902837
4.983142	1.106900	2.951656	7.525603	1.426349	48.718288	7.624187	29.158271	66.658333	8.347471	3.447251	0.464416	2.028899	4.262861	0.504144
4.670197	1.018732	2.951656	6.910463	1.541808	49.970688	8.459334	29.158271	66.658333	10.525781	3.219846	0.516649	1.977105	4.187503	0.682314
4.888605	1.101048	2.793474	7.167145	1.825616	54.037930	7.941294	39.806860	76.217145	11.673146	2.898394	0.503937	1.977105	4.228433	0.530427
5.366682	1.062632	2.793474	7.397081	1.301700	52.181433	10.620001	29.470939	76.217145	17.153853	2.867455	0.654897	1.621551	4.228433	0.716354
5.246311	0.902352	3.877791	7.397081	1.326089	47.329242	9.118202	29.470939	62.649988	10.579440	2.799303	0.614639	1.621551	4.168310	0.659005
4.636031	0.922685	3.079113	6.844545	1.302395	48.663948	7.338082	31.232057	67.895825	9.226070	2.819554	0.555217	1.913507	4.240472	0.768260
4.642627	1.106133	2.679282	6.844545	1.641288	50.923580	7.784306	31.474061	67.895825	10.647797	2.988226	0.535964	2.041908	4.240472	0.860815
5.249604	1.163317	2.679282	7.169509	1.645809	51.241520	7.693650	31.474061	63.604352	10.914814	3.083349	0.511475	2.016220	4.013505	0.787580
5.372586	0.961284	2.943181	7.169509	1.207488	50.695844	8.357575	28.086678	64.966616	13.401429	3.072405	0.527309	2.016220	4.013505	0.750757
4.833245	0.890756	2.934801	6.366198	1.327474	47.829865	8.048011	28.086678	64.966616	9.838938	3.091651	0.487519	2.033414	3.893278	0.726124
4.767634	1.057160	2.934801	7.051989	1.428657	49.806545	8.340331	31.607453	67.290069	10.974092	3.159387	0.398242	2.033414	3.893278	0.511917
5.134995	0.931007	3.196106	7.051989	1.080281	51.522019	7.776377	31.607453	67.290069	11.407562	2.982210	0.496269	1.702930	4.075218	0.642743
